Timestamp,1. Age,2. Gender,3. Education,4. Daily internet usage,5. I spend a lot of time online daily,6. I frequently use social media.,"7. I use the internet for study, communication, and entertainment",8. I often use public Wi-Fi,"9. I download software, audio/video/images or files regularly",10. I know the cyber threats,11. I understand risks of unknown links,12. I know how sensitive information can be stolen,13. I know how the social media privacy settings,14. I know strong passwords are important,15. I know public Wi-Fi is risky,16. I know about computer viruses,17. I can spot suspicious messages,18. I know about ecommerce and online transaction,19. I know how to change privacy setting.,"20. I can identify fake software/Apps, websites and weblinks",21. I know how to secure my accounts,22. I know how to protect my personal information,23. I use strong passwords,24. I avoid unknown links.,"25. I don't share OTP, passwords and sensitive information to other",26. I update softwares / apps regularly,27. I use two-factor authentication (2FA) and secure privacy settings,28. I log-out the account from shared devices,29. I avoid unsafe downloads,30. I use antivirus and secure VPN,31. I share cyber knowledge to people who don't know about it.,"32. Even if I know risks, I ignore them.",33. I keep same password on multiple platforms,34. I click on links without checking them,35. I accept terms and conditions of software/apps without studying properly,36. Cybersecurity is not important for me,37. I receive suspicious messages or links,"38. I have faced cyber risks (fraud, scams, hacking)",39. Cyber incidents affected me or someone I know,40. I feel unsafe using the internet sometimes,41. Cybersecurity awareness is important,College name,Faculty,Scheme
29/04/2026 18:15:01,17,Male,11th,2-4 Hours,Neutral,,Agree,Agree,Neutral,Agree,Neutral,,Disagree,Agree,Agree,Disagree,Disagree,Neutral,Neutral,Disagree,Agree,Agree,Agree,Agree,Agree,Disagree,Disagree,Disagree,Agree,Disagree,Agree,Agree,Disagree,Agree,Agree,Disagree,Disagree,Disagree,Neutral,Agree,Agree,Alliance,,
29/04/2026 18:37:30,17,Male,11th,2-4 Hours,Disagree,Disagree,Agree,Disagree,Agree,Strongly disagree,Disagree,Disagree,Neutral,Neutral,Agree,Disagree,Neutral,Disagree,Neutral,Neutral,Agree,Agree,Agree,Disagree,,Disagree,Neutral,,Disagree,Agree,Neutral,Agree,Agree,Disagree,Neutral,Disagree,Neutral,Disagree,Disagree,Neutral,Agree,Alliance,Management,Non-Technical
29/04/2026 19:19:54,19,Male,11th,4-6 Hours,Disagree,Neutral,Strongly Agree,Agree,Neutral,Neutral,Agree,Disagree,Agree,Strongly Agree,Strongly disagree,Agree,Neutral,Agree,Agree,Disagree,Neutral,Agree,Strongly Agree,Neutral,Strongly agree,Agree,Neutral,Strongly disagree,Agree,Strongly disagree,Neutral,Strongly disagree,Agree,Neutral,Strongly Agree,Strongly disagree,Neutral,Strongly disagree,Disagree,Neutral,Agree,Alliance,Management,Non-Technical
29/04/2026 19:22:55,17,Female,11th,2-4 Hours,Agree,Agree,Agree,Neutral,Neutral,Disagree,Agree,Neutral,Agree,Strongly Agree,Agree,Neutral,Agree,Agree,Agree,Disagree,Disagree,Agree,Strongly Agree,Agree,Agree,Neutral,Disagree,Agree,Agree,Disagree,Disagree,Agree,Disagree,Disagree,Disagree,Disagree,Disagree,Neutral,Disagree,Agree,Strongly Agree,Alliance,Management,Non-Technical
29/04/2026 19:25:27,17,Female,11th,2-4 Hours,Agree,Agree,,Disagree,Agree,Agree,Disagree,Agree,Agree,Agree,Agree,Agree,Agree,Agree,Agree,Agree,Agree,Agree,Agree,Agree,Agree,Disagree,Agree,Disagree,Agree,Disagree,Agree,Agree,Disagree,Disagree,Disagree,Disagree,Disagree,Disagree,Disagree,Disagree,Disagree,Alliance,Management,Non-Technical
29/04/2026 19:28:06,17,Female,11th,2-4 Hours,Agree,Agree,Agree,Disagree,Agree,,Disagree,Agree,Agree,Agree,Agree,Agree,Agree,Agree,Agree,Agree,Agree,Agree,Agree,Agree,Agree,Disagree,Agree,Agree,Agree,Disagree,Agree,Agree,Disagree,Disagree,Disagree,Disagree,Disagree,Disagree,Disagree,Agree,Disagree,Alliance,Management,Non-Technical
29/04/2026 19:30:46,18,Male,11th,0-2 Hours,Strongly disagree,Disagree,Strongly Agree,Agree,Strongly disagree,Strongly Agree,Strongly Agree,Agree,Strongly agree,Strongly Agree,Strongly agree,Agree,Disagree,Strongly agree,Agree,Agree,Strongly agree,Strongly agree,Strongly Agree,Agree,Strongly agree,Agree,Agree,Strongly Agree,Strongly Agree,Agree,Agree,Strongly Agree,Strongly disagree,Strongly disagree,Disagree,Strongly disagree,Disagree,Strongly disagree,Strongly Agree,Agree,Strongly Agree,Alliance,Management,Non-Technical
29/04/2026 19:33:23,19,Male,11th,2-4 Hours,Disagree,Neutral,Strongly Agree,Agree,Agree,Strongly Agree,Strongly Agree,Agree,Strongly agree,Strongly Agree,Strongly agree,Agree,Disagree,Strongly agree,Agree,Agree,Strongly agree,Strongly agree,Strongly Agree,Strongly agree,Agree,Agree,Agree,Strongly Agree,Strongly Agree,Agree,Agree,Strongly Agree,Strongly disagree,Strongly disagree,Disagree,Strongly disagree,Disagree,Strongly disagree,Strongly Agree,Agree,Strongly Agree,Alliance,Management,Non-Technical
29/04/2026 19:36:47,18,Male,11th,4-6 Hours,Disagree,,Agree,Agree,Disagree,Agree,Agree,Agree,Agree,Strongly Agree,Agree,Agree,Agree,Agree,Agree,Agree,Strongly agree,Agree,Agree,Strongly agree,Agree,Agree,Agree,Agree,,Disagree,Agree,Disagree,Agree,Strongly disagree,Disagree,,Agree,Agree,Agree,Disagree,Disagree,Alliance,Management,Non-Technical
29/04/2026 19:38:57,17,Male,11th,0-2 Hours,Disagree,Neutral,Neutral,Agree,Agree,,Agree,Neutral,Strongly agree,Strongly Agree,Strongly agree,Strongly Agree,Neutral,Agree,Agree,Agree,Agree,Strongly agree,Strongly Agree,Agree,Agree,Neutral,Agree,Neutral,Neutral,Neutral,,Neutral,Agree,Neutral,Neutral,Strongly disagree,Neutral,Agree,Neutral,Neutral,Agree,Alliance,Management,Non-Technical
29/04/2026 19:41:50,19,Male,11th,2-4 Hours,Neutral,Agree,Strongly Agree,Disagree,Neutral,Agree,Strongly Agree,Agree,Agree,Strongly Agree,Strongly agree,Agree,Agree,Agree,Neutral,Agree,Neutral,Neutral,Strongly Agree,,Agree,Agree,Agree,Agree,Agree,Agree,Agree,Disagree,Agree,Disagree,Neutral,Neutral,Agree,Agree,Strongly Agree,Neutral,Strongly Agree,Alliance,Management,Non-Technical
30/04/2026 09:00:57,18,Male,11th,More than 6 Hours,Agree,Agree,Agree,Disagree,Agree,Agree,Agree,Agree,Agree,,Strongly agree,Strongly Agree,Agree,Agree,Agree,Agree,Agree,Agree,Agree,Agree,Agree,Agree,Agree,Disagree,Agree,Disagree,Agree,Disagree,Disagree,Disagree,Disagree,Strongly disagree,Agree,Disagree,Agree,Agree,Strongly Agree,Alliance,,Non-Technical
30/04/2026 09:05:20,18,Male,11th,4-6 Hours,Agree,Neutral,Disagree,Agree,Agree,Neutral,Neutral,Neutral,Agree,Agree,Agree,Agree,Agree,Disagree,Agree,Agree,Agree,Agree,Agree,Agree,Agree,Agree,Neutral,Agree,Agree,Agree,Strongly Agree,Strongly Agree,Disagree,Disagree,Disagree,Strongly disagree,Agree,Disagree,Agree,Agree,Strongly Agree,Alliance,Management,Non-Technical
30/04/2026 09:08:20,18,Male,11th,More than 6 Hours,Strongly agree,Strongly Agree,Strongly Agree,Disagree,Neutral,Agree,Strongly disagree,Strongly disagree,Agree,Strongly Agree,Agree,Agree,Neutral,Strongly agree,Strongly agree,Neutral,Agree,Agree,Agree,Agree,Strongly agree,Agree,Agree,Neutral,Neutral,Agree,Agree,Disagree,Strongly disagree,Disagree,Disagree,Disagree,Neutral,Agree,Agree,Strongly disagree,Strongly Agree,Alliance,Management,Non-Technical
30/04/2026 09:11:01,18,Male,11th,More than 6 Hours,Agree,Agree,Strongly Agree,Disagree,Disagree,Agree,Agree,Agree,Neutral,Strongly Agree,Agree,Disagree,Neutral,Agree,Agree,Agree,Agree,Neutral,Strongly Agree,Strongly agree,Agree,Disagree,Agree,Strongly Agree,Disagree,Disagree,Disagree,Agree,Disagree,Disagree,Agree,Disagree,Agree,Disagree,Disagree,Disagree,Strongly Agree,Alliance,Management,Non-Technical
30/04/2026 09:13:44,17,Male,11th,0-2 Hours,Disagree,Agree,Agree,Agree,Disagree,Agree,Agree,Agree,Agree,Agree,Agree,Agree,Agree,Agree,Agree,Disagree,Agree,Agree,Agree,Agree,Strongly agree,Strongly Agree,Strongly Agree,Strongly Agree,Agree,Disagree,Neutral,Agree,Disagree,Strongly disagree,Strongly disagree,Strongly disagree,Agree,Disagree,Disagree,Agree,Strongly Agree,Alliance,Management,Non-Technical
30/04/2026 09:14:26,17,Female,11th,4-6 Hours,Agree,Strongly Agree,Agree,Strongly disagree,Disagree,Agree,Strongly Agree,Agree,Agree,Strongly Agree,Strongly agree,Agree,Neutral,Agree,Agree,Strongly agree,Agree,Strongly agree,Strongly Agree,Strongly agree,Strongly agree,Strongly Agree,Neutral,Agree,Agree,Agree,Agree,Strongly disagree,Strongly disagree,Strongly disagree,Disagree,Strongly disagree,Strongly disagree,Neutral,Agree,Agree,Strongly Agree,Alliance,Management,Non-Technical
30/04/2026 09:17:22,16,Male,11th,4-6 Hours,Strongly agree,Strongly Agree,Neutral,Strongly disagree,Agree,Agree,Strongly Agree,Neutral,Agree,Strongly Agree,Strongly agree,Agree,Agree,Agree,Strongly agree,Agree,Strongly agree,Strongly agree,Strongly Agree,Agree,Agree,Neutral,Agree,Agree,Agree,Agree,Neutral,Agree,Disagree,Neutral,Disagree,Disagree,Agree,Neutral,Agree,Disagree,Strongly Agree,Alliance,Management,Non-Technical
30/04/2026 09:18:37,16,Male,11th,2-4 Hours,Neutral,Disagree,Agree,Disagree,Disagree,Agree,Disagree,Strongly disagree,Agree,Strongly Agree,Agree,Strongly Agree,Agree,Agree,Strongly agree,Agree,Strongly agree,Strongly agree,Strongly Agree,Strongly agree,Strongly agree,Agree,Neutral,Strongly Agree,Strongly Agree,Disagree,Agree,Disagree,Agree,Agree,Strongly Agree,Disagree,Agree,Strongly agree,Strongly Agree,Agree,Strongly Agree,Alliance,Management,Non-Technical
30/04/2026 09:20:03,18,Male,11th,2-4 Hours,Disagree,Disagree,Strongly Agree,Agree,Disagree,Agree,Agree,Disagree,Agree,Strongly Agree,Disagree,Agree,Agree,Agree,Agree,Disagree,Agree,Strongly agree,Strongly Agree,Agree,Strongly agree,Strongly Agree,Strongly Agree,Agree,Strongly Agree,Agree,Strongly Agree,Strongly disagree,Strongly disagree,Strongly disagree,Strongly disagree,Strongly disagree,Strongly Agree,Strongly agree,Strongly Agree,Agree,Strongly Agree,Alliance,Management,Non-Technical
30/04/2026 09:22:16,18,Male,11th,More than 6 Hours,Agree,Agree,Neutral,Strongly disagree,Disagree,Agree,Strongly Agree,Neutral,Strongly agree,Strongly Agree,Agree,Agree,Strongly Agree,Agree,Strongly agree,Strongly disagree,Strongly agree,Strongly agree,Agree,Strongly agree,Strongly agree,Neutral,Agree,Agree,Agree,Agree,Strongly Agree,Strongly Agree,Disagree,Strongly disagree,Neutral,Strongly disagree,Neutral,Agree,Agree,Disagree,Strongly Agree,Alliance,Management,Non-Technical
30/04/2026 09:23:00,18,Female,11th,4-6 Hours,Disagree,Disagree,Disagree,Disagree,Disagree,Disagree,Neutral,Disagree,Neutral,Agree,Disagree,Disagree,Neutral,Agree,Agree,Neutral,Disagree,Neutral,Neutral,Agree,Disagree,Disagree,Disagree,Agree,Disagree,Disagree,Disagree,Neutral,Neutral,Agree,Disagree,Disagree,Disagree,Neutral,Disagree,Neutral,Agree,Alliance,Management,Non-Technical
30/04/2026 09:25:30,18,Male,11th,More than 6 Hours,Neutral,Disagree,Neutral,Agree,Strongly Agree,Strongly disagree,Strongly Agree,Disagree,Disagree,Neutral,Neutral,Strongly Agree,Agree,Strongly disagree,Strongly agree,Disagree,Agree,Strongly disagree,Neutral,Agree,Strongly disagree,Strongly disagree,Disagree,Agree,Strongly disagree,Strongly agree,Neutral,Disagree,Agree,Strongly Agree,Strongly disagree,Neutral,Disagree,Strongly agree,Strongly disagree,Disagree,Agree,Alliance,Management,Non-Technical
30/04/2026 09:28:14,17,Female,11th,0-2 Hours,Agree,,,Neutral,Agree,Disagree,Neutral,Disagree,Disagree,Disagree,Disagree,Agree,,Disagree,Strongly disagree,,Strongly disagree,,,,,Disagree,Disagree,,Neutral,,Neutral,Strongly disagree,Neutral,Strongly Agree,Disagree,Agree,Agree,Strongly agree,Disagree,Neutral,Disagree,Alliance,Management,Non-Technical
30/04/2026 09:28:24,18,Male,11th,0-2 Hours,Agree,Agree,Neutral,Strongly disagree,Disagree,Agree,Strongly Agree,Neutral,Strongly agree,Strongly Agree,Agree,Agree,Strongly Agree,Agree,Strongly agree,Strongly disagree,Strongly agree,Strongly agree,Agree,Strongly agree,Strongly agree,Agree,Agree,Agree,Agree,Agree,Strongly Agree,Strongly Agree,Disagree,Strongly disagree,Neutral,Strongly disagree,Neutral,Agree,Agree,Disagree,Strongly Agree,Alliance,Management,Non-Technical
30/04/2026 09:30:37,16,Female,11th,2-4 Hours,Disagree,Disagree,Agree,Neutral,Disagree,Disagree,Neutral,Disagree,Neutral,Disagree,Neutral,Disagree,Neutral,Neutral,Disagree,Disagree,Neutral,Neutral,Strongly disagree,Disagree,Neutral,Neutral,Agree,Neutral,Neutral,Neutral,Neutral,Neutral,Neutral,Disagree,Neutral,Neutral,Disagree,Neutral,Neutral,Neutral,Agree,Alliance,Management,Non-Technical
30/04/2026 09:30:47,19,Male,11th,2-4 Hours,Agree,Agree,Agree,Disagree,Disagree,Agree,Agree,Disagree,Agree,Agree,Agree,Agree,Strongly Agree,Agree,Agree,Strongly disagree,Agree,Agree,Agree,Strongly agree,Agree,Agree,Agree,Disagree,Neutral,Disagree,Agree,Agree,Disagree,Disagree,Disagree,Strongly disagree,Agree,Agree,Agree,Agree,Strongly Agree,Alliance,Management,Non-Technical
30/04/2026 09:33:02,16,Female,11th,4-6 Hours,,Agree,Agree,Strongly Agree,Agree,,Agree,Agree,Agree,Agree,,Agree,Agree,Agree,Agree,,Agree,Agree,Agree,,Agree,Strongly Agree,Neutral,,Disagree,Disagree,Agree,Agree,Disagree,Disagree,Agree,Disagree,Agree,Neutral,Disagree,Agree,Agree,Alliance,Management,Non-Technical
30/04/2026 09:33:03,17,Male,11th,0-2 Hours,Agree,Agree,Neutral,Strongly disagree,Disagree,Agree,Strongly Agree,Neutral,Strongly agree,Strongly Agree,Agree,Agree,Strongly Agree,Agree,Strongly agree,Strongly disagree,Strongly agree,Strongly agree,Agree,Strongly agree,Agree,Neutral,Agree,Agree,Agree,Agree,Strongly Agree,Strongly Agree,Disagree,Strongly disagree,Neutral,Strongly disagree,Neutral,Agree,Agree,Disagree,Strongly Agree,Alliance,Management,Non-Technical
30/04/2026 09:35:19,16,Male,11th,More than 6 Hours,Agree,Agree,Neutral,Strongly disagree,Disagree,Agree,Strongly Agree,Neutral,Strongly agree,Strongly Agree,Agree,Agree,Strongly Agree,Agree,Strongly agree,Strongly disagree,Strongly agree,Strongly agree,Agree,Strongly agree,Strongly agree,Neutral,Agree,Agree,Agree,Agree,Strongly Agree,Strongly Agree,Disagree,Strongly disagree,Neutral,Strongly disagree,Neutral,Agree,Agree,Disagree,Strongly Agree,Alliance,Management,Non-Technical
30/04/2026 09:36:00,17,Male,11th,More than 6 Hours,Disagree,Agree,,Disagree,Disagree,Agree,Strongly Agree,Agree,Strongly agree,Agree,Strongly agree,Agree,Agree,Agree,Agree,Neutral,Agree,Neutral,Agree,,Agree,,Agree,Agree,Agree,Strongly agree,Agree,Strongly Agree,Agree,Agree,Agree,,Agree,Agree,Agree,Agree,Agree,Alliance,Management,Non-Technical
30/04/2026 09:39:04,17,Female,11th,4-6 Hours,Disagree,Agree,Agree,Disagree,Disagree,Agree,Agree,Neutral,Agree,Agree,Agree,Agree,Agree,Agree,Agree,Disagree,Agree,Agree,Strongly Agree,Strongly agree,Agree,Agree,Strongly Agree,Agree,Agree,Strongly agree,Strongly Agree,Strongly Agree,Strongly disagree,Disagree,Disagree,Strongly disagree,Strongly disagree,Strongly disagree,Agree,Agree,Strongly Agree,Alliance,Management,Non-Technical
30/04/2026 09:41:36,18,Female,11th,2-4 Hours,Neutral,Agree,Neutral,Strongly disagree,Neutral,Agree,Agree,Agree,Agree,Strongly Agree,Agree,Agree,Strongly disagree,Agree,Strongly agree,Agree,Agree,Agree,Agree,Agree,Agree,Agree,Neutral,Agree,Agree,Agree,Agree,Strongly Agree,Strongly disagree,Strongly disagree,Disagree,Disagree,Disagree,Disagree,Agree,Agree,Strongly Agree,Alliance,Management,Non-Technical
30/04/2026 09:44:35,19,Male,11th,More than 6 Hours,Neutral,Neutral,Strongly Agree,Neutral,Neutral,Strongly disagree,Strongly Agree,Disagree,Neutral,Neutral,Agree,Strongly Agree,Strongly disagree,Neutral,Strongly disagree,Disagree,Strongly disagree,Disagree,Disagree,Strongly agree,Strongly disagree,Neutral,Disagree,Neutral,Disagree,Disagree,Neutral,Strongly Agree,Strongly disagree,Strongly disagree,Neutral,Strongly disagree,Disagree,Agree,Neutral,Agree,Strongly Agree,Alliance,Management,Non-Technical
30/04/2026 09:47:25,17,Male,11th,More than 6 Hours,Neutral,Agree,Agree,Neutral,Agree,Strongly disagree,Neutral,Disagree,Neutral,Agree,Neutral,Agree,Neutral,Neutral,Agree,Neutral,Strongly agree,Agree,Agree,Neutral,Agree,Neutral,Neutral,Agree,Neutral,Agree,Neutral,Neutral,Neutral,Neutral,Agree,Strongly agree,Neutral,Neutral,Strongly Agree,Agree,Agree,Alliance,Management,Non-Technical
30/04/2026 09:49:32,18,Male,11th,0-2 Hours,Neutral,Agree,Neutral,Agree,Disagree,Neutral,Strongly Agree,Strongly disagree,Neutral,Agree,Agree,Agree,Neutral,Agree,Neutral,Strongly agree,Disagree,Neutral,Strongly Agree,Disagree,Neutral,Disagree,Agree,Neutral,Neutral,Disagree,Agree,Neutral,Disagree,Disagree,Neutral,Neutral,Disagree,Strongly disagree,Disagree,Disagree,Neutral,Alliance,Management,Non-Technical
30/04/2026 09:52:00,18,Male,11th,More than 6 Hours,Strongly agree,Strongly Agree,Agree,Neutral,Neutral,Agree,Agree,Neutral,Neutral,Agree,Agree,Agree,Neutral,Disagree,Neutral,Disagree,Neutral,Neutral,Agree,Agree,Agree,Strongly Agree,Neutral,Strongly Agree,Agree,Strongly agree,Agree,Agree,Disagree,Disagree,Neutral,Disagree,Disagree,Neutral,Agree,Disagree,Agree,Alliance,Management,Non-Technical
30/04/2026 09:54:23,17,Male,11th,4-6 Hours,Agree,Agree,Agree,Disagree,Disagree,Agree,Agree,Agree,Agree,Agree,Neutral,Disagree,Neutral,Agree,Agree,Agree,Agree,Agree,Agree,Agree,Agree,Agree,Agree,Agree,Agree,Disagree,Agree,Agree,Disagree,Agree,Agree,Disagree,Disagree,Disagree,Disagree,Disagree,Agree,Alliance,Management,Non-Technical
30/04/2026 10:03:00,19,Male,11th,2-4 Hours,Disagree,Agree,Disagree,Strongly disagree,Strongly Agree,Neutral,Disagree,Strongly Agree,Strongly disagree,Strongly disagree,Neutral,Agree,Disagree,Agree,Agree,Disagree,Disagree,Agree,Disagree,Neutral,Disagree,Strongly Agree,Disagree,Neutral,Disagree,Strongly disagree,Disagree,Strongly disagree,Disagree,Strongly disagree,Neutral,Disagree,Neutral,Neutral,Disagree,Agree,Disagree,Alliance,Management,Non-Technical
30/04/2026 10:06:00,18,Male,11th,4-6 Hours,Disagree,Agree,Agree,Disagree,Disagree,Agree,Disagree,Disagree,Strongly agree,Strongly Agree,Agree,Agree,Agree,Agree,Disagree,Agree,Agree,Strongly agree,Strongly Agree,Agree,Disagree,Disagree,Strongly Agree,Disagree,Disagree,Disagree,Disagree,Disagree,Disagree,Agree,Disagree,Agree,Agree,Disagree,Disagree,Disagree,Disagree,Alliance,Management,Non-Technical
30/04/2026 10:09:45,18,Male,11th,4-6 Hours,Neutral,Agree,Agree,Disagree,Disagree,Agree,Disagree,Neutral,Strongly disagree,Strongly Agree,Agree,Disagree,Disagree,Strongly agree,Strongly agree,Disagree,Neutral,Neutral,Strongly Agree,Disagree,Strongly disagree,Neutral,Disagree,Strongly disagree,Disagree,Strongly disagree,Disagree,Strongly disagree,Disagree,Agree,Strongly Agree,Neutral,Strongly disagree,Disagree,Disagree,Strongly disagree,Agree,Alliance,Management,Non-Technical
30/04/2026 10:13:01,16,Female,11th,4-6 Hours,Disagree,Neutral,Agree,Neutral,Disagree,Neutral,Strongly Agree,Neutral,Agree,Strongly Agree,Agree,Strongly Agree,Strongly Agree,Agree,Neutral,Disagree,Disagree,Strongly agree,Strongly Agree,Strongly agree,Agree,Neutral,Neutral,Strongly Agree,Agree,Disagree,Agree,Strongly disagree,Neutral,Strongly disagree,Strongly disagree,Strongly disagree,Disagree,Disagree,Neutral,Disagree,Strongly Agree,Alliance,Management,Non-Technical
30/04/2026 10:16:34,17,Male,11th,0-2 Hours,Agree,Agree,Agree,Agree,Agree,Agree,Agree,Agree,Agree,Agree,Strongly agree,Disagree,Disagree,Disagree,Strongly agree,Disagree,Disagree,Disagree,Agree,Neutral,Agree,Neutral,Agree,Disagree,Disagree,Disagree,Disagree,Disagree,Disagree,Agree,Agree,Disagree,Disagree,Disagree,Agree,Disagree,Disagree,Alliance,Management,Non-Technical
01/05/2026 08:31:52,18,Male,11th,4-6 Hours,Strongly agree,Agree,Agree,Agree,Strongly Agree,Strongly Agree,Strongly Agree,Strongly Agree,Strongly agree,Strongly Agree,Agree,Neutral,Agree,Neutral,Strongly agree,Agree,Strongly agree,Strongly agree,Strongly Agree,Strongly agree,Strongly agree,Neutral,Neutral,Strongly Agree,Agree,Disagree,Agree,Strongly Agree,Disagree,Disagree,Disagree,Disagree,Agree,Strongly agree,Agree,Agree,Strongly Agree,Alliance,Management,Non-Technical
01/05/2026 08:37:31,18,Male,11th,2-4 Hours,Agree,Agree,Agree,Agree,Agree,Agree,Agree,Agree,Agree,Agree,Strongly agree,Disagree,Disagree,Disagree,Agree,Disagree,Agree,Agree,Disagree,Disagree,Disagree,Disagree,Disagree,Disagree,Disagree,Disagree,Disagree,Disagree,Disagree,Strongly Agree,Neutral,Disagree,Disagree,Disagree,Disagree,Disagree,Disagree,Alliance,Management,Non-Technical
01/05/2026 08:42:23,16,Female,11th,4-6 Hours,Disagree,Neutral,Agree,Neutral,Neutral,Neutral,Disagree,Neutral,Agree,Neutral,Neutral,Strongly Agree,Agree,Neutral,Neutral,Disagree,Neutral,Agree,Agree,Strongly agree,Strongly agree,Neutral,Agree,Neutral,Strongly Agree,Disagree,Agree,Strongly disagree,Neutral,Strongly disagree,Strongly disagree,Strongly disagree,Disagree,Disagree,Neutral,Disagree,Strongly Agree,Alliance,Management,Non-Technical
01/05/2026 08:45:53,17,Male,11th,2-4 Hours,Disagree,Disagree,Agree,Disagree,Agree,Agree,Agree,Agree,Agree,Agree,Agree,Agree,Agree,Strongly agree,Agree,Agree,Strongly agree,Agree,Agree,Agree,Agree,Agree,Agree,Agree,Agree,Agree,Agree,Agree,Disagree,Disagree,Disagree,Disagree,Neutral,Disagree,Neutral,Neutral,Strongly Agree,Alliance,Management,Non-Technical
01/05/2026 08:48:23,16,Female,11th,0-2 Hours,Agree,Agree,Agree,Disagree,Agree,Disagree,Disagree,Disagree,Agree,Agree,Agree,Disagree,Disagree,Disagree,Agree,Agree,Agree,Agree,Agree,Agree,Agree,Agree,Agree,Disagree,Agree,Agree,Disagree,Agree,Agree,Disagree,Disagree,Disagree,Disagree,Disagree,Disagree,Disagree,Disagree,Alliance,Management,Non-Technical
02/05/2026 05:58:53,18,Male,11th,2-4 Hours,Agree,Agree,Neutral,Agree,Disagree,Neutral,Strongly disagree,Disagree,Neutral,Strongly Agree,Agree,Strongly Agree,Neutral,Agree,Agree,Strongly disagree,Strongly agree,Strongly agree,Strongly Agree,Strongly agree,Agree,Agree,Agree,Disagree,Disagree,Strongly disagree,Neutral,Strongly disagree,Disagree,Disagree,Neutral,Strongly disagree,Disagree,Disagree,Disagree,Neutral,Strongly Agree,Alliance,Management,Non-Technical
02/05/2026 06:01:04,18,Male,11th,2-4 Hours,Neutral,Neutral,Agree,Disagree,Agree,Agree,Agree,Agree,Agree,Agree,Agree,Agree,Agree,Agree,Agree,Agree,Agree,Agree,Agree,Agree,Agree,Agree,Agree,Agree,Agree,Disagree,Agree,Agree,Disagree,Disagree,Disagree,Disagree,Agree,Agree,Agree,Agree,Agree,Alliance,Management,Non-Technical
02/05/2026 06:03:42,18,Male,11th,More than 6 Hours,Agree,Agree,Disagree,Neutral,Disagree,Neutral,Disagree,Disagree,Neutral,Neutral,Agree,Agree,Neutral,,Agree,Neutral,Neutral,Agree,Neutral,Neutral,Agree,Agree,Neutral,Neutral,Neutral,Disagree,Neutral,Disagree,Neutral,Disagree,Neutral,Disagree,Neutral,Strongly disagree,Disagree,Neutral,Disagree,Alliance,Management,Non-Technical
02/05/2026 06:06:12,18,Female,11th,2-4 Hours,Agree,Agree,Agree,Agree,Disagree,Disagree,Agree,Disagree,Disagree,Disagree,Agree,Agree,Disagree,Agree,Agree,Agree,Agree,Agree,Agree,Agree,Agree,Agree,Agree,Agree,Agree,Agree,Agree,Disagree,Agree,Disagree,Disagree,Disagree,Agree,Agree,Agree,Agree,Strongly Agree,Alliance,Management,Non-Technical
02/05/2026 06:08:31,17,Male,11th,4-6 Hours,Neutral,Agree,Agree,Agree,Agree,Neutral,Strongly Agree,Neutral,Agree,Strongly Agree,Strongly agree,Neutral,Neutral,Neutral,Strongly agree,Agree,Strongly agree,Strongly agree,Agree,Strongly agree,Agree,Neutral,Neutral,Disagree,Strongly disagree,Strongly disagree,Neutral,Strongly disagree,Strongly disagree,Strongly disagree,Neutral,Strongly disagree,Neutral,Strongly disagree,Agree,Disagree,Neutral,Alliance,Management,Non-Technical
02/05/2026 06:10:46,20,Male,11th,More than 6 Hours,Agree,Agree,Neutral,Disagree,Agree,Neutral,Agree,Strongly Agree,Agree,Agree,Neutral,Agree,Agree,Disagree,Neutral,Disagree,Agree,Agree,Agree,Agree,Agree,Strongly Agree,Strongly Agree,Neutral,Neutral,Agree,Disagree,Agree,Strongly disagree,Agree,Agree,Strongly disagree,Neutral,Disagree,Neutral,Disagree,Strongly Agree,Alliance,Management,Non-Technical
02/05/2026 06:13:58,18,Female,11th,0-2 Hours,Disagree,Neutral,Agree,Disagree,Disagree,Agree,Agree,Disagree,Agree,Agree,Strongly agree,Agree,Neutral,Disagree,Agree,Disagree,Agree,Agree,Strongly Agree,Agree,Agree,Disagree,Agree,Agree,Strongly Agree,Neutral,Agree,Disagree,Disagree,Strongly disagree,Disagree,Strongly disagree,Agree,Agree,Disagree,Neutral,Strongly Agree,Alliance,Management,Non-Technical
02/05/2026 06:16:08,18,Male,11th,4-6 Hours,Neutral,Neutral,Neutral,Disagree,Disagree,Agree,Disagree,Neutral,Disagree,Agree,Strongly disagree,Disagree,Neutral,Disagree,Strongly disagree,Agree,Strongly disagree,Disagree,Strongly disagree,Strongly agree,Agree,Strongly disagree,Neutral,Disagree,Agree,,Disagree,Disagree,Neutral,Disagree,Strongly disagree,Disagree,Neutral,Agree,Strongly Agree,Disagree,Agree,Alliance,Management,Non-Technical
02/05/2026 06:18:32,18,Male,11th,2-4 Hours,Agree,Agree,Strongly Agree,Neutral,Disagree,Agree,Agree,Agree,Agree,Agree,Agree,Agree,Neutral,Agree,Agree,Agree,Agree,Strongly agree,Agree,Agree,Agree,Agree,Agree,Agree,Agree,Disagree,Disagree,Disagree,Disagree,Agree,Disagree,Disagree,Disagree,Agree,Disagree,Disagree,Agree,Alliance,Management,Non-Technical
02/05/2026 06:20:29,18,Male,11th,2-4 Hours,Agree,Agree,Agree,Agree,Agree,Agree,Agree,Disagree,Agree,Agree,Agree,Disagree,Disagree,Disagree,Agree,Disagree,Agree,Agree,Agree,Agree,Agree,Disagree,Agree,Disagree,Disagree,Disagree,Disagree,Disagree,Disagree,Strongly disagree,Agree,Disagree,Disagree,Disagree,Neutral,Disagree,Agree,Alliance,Management,Non-Technical
02/05/2026 06:23:06,19,Male,11th,4-6 Hours,Neutral,Agree,Strongly disagree,Disagree,Agree,Agree,Agree,Agree,Agree,Agree,Agree,Agree,Agree,Strongly agree,Strongly agree,Strongly agree,Strongly agree,Strongly agree,Strongly Agree,Strongly agree,Strongly agree,Agree,Agree,Strongly Agree,Strongly Agree,Agree,Agree,Neutral,Neutral,Disagree,Strongly Agree,Strongly disagree,Disagree,Agree,Neutral,Strongly agree,Agree,Alliance,Management,Non-Technical
02/05/2026 06:25:38,16,Male,11th,More than 6 Hours,Agree,Agree,Strongly Agree,Disagree,Neutral,Agree,Neutral,Agree,Neutral,Strongly Agree,Strongly agree,Agree,Agree,Agree,Disagree,Neutral,Strongly agree,Strongly agree,Strongly Agree,Stongly disagree,Strongly agree,Strongly Agree,Strongly Agree,Strongly Agree,Agree,Strongly agree,Agree,Strongly disagree,Strongly disagree,Disagree,Strongly disagree,Strongly disagree,Neutral,Strongly agree,Agree,Neutral,Strongly Agree,Alliance,Management,Non-Technical
02/05/2026 06:28:05,16,Male,11th,2-4 Hours,Neutral,Neutral,Strongly Agree,Strongly Agree,Disagree,Strongly Agree,Disagree,Strongly disagree,Neutral,Strongly Agree,Neutral,Disagree,Strongly disagree,Agree,Strongly agree,Strongly agree,Strongly agree,Strongly agree,Strongly disagree,Disagree,Neutral,Agree,Strongly Agree,Strongly disagree,Disagree,Neutral,Agree,Strongly disagree,Disagree,Neutral,Strongly Agree,Disagree,Neutral,Agree,Disagree,Neutral,Neutral,Alliance,Management,Non-Technical
02/05/2026 06:30:25,18,Male,11th,4-6 Hours,Strongly agree,Agree,Agree,Agree,Strongly Agree,Strongly Agree,Strongly Agree,Agree,Strongly agree,Strongly Agree,Agree,Agree,Neutral,Neutral,Strongly agree,Agree,Strongly agree,Strongly agree,Strongly Agree,Agree,Strongly agree,Agree,Strongly Agree,Strongly Agree,Neutral,Strongly agree,Strongly Agree,Agree,Disagree,Agree,Agree,Disagree,Neutral,Strongly agree,Strongly Agree,Agree,Strongly Agree,Alliance,Management,Non-Technical
02/05/2026 06:33:00,18,Female,11th,0-2 Hours,Agree,Disagree,Agree,Disagree,Agree,Agree,Agree,Agree,Agree,Agree,Agree,Agree,Strongly disagree,Agree,Agree,Agree,Agree,Agree,Agree,Agree,Agree,Agree,Agree,Disagree,Agree,Agree,Disagree,Agree,Disagree,Disagree,Disagree,Disagree,Disagree,Disagree,Disagree,Disagree,Disagree,Alliance,Management,Non-Technical
02/05/2026 06:34:54,18,Male,11th,4-6 Hours,Strongly agree,Agree,Agree,Agree,Strongly Agree,Strongly Agree,Strongly Agree,Agree,Strongly agree,Strongly Agree,Agree,Agree,Neutral,Neutral,Strongly agree,Agree,Strongly agree,Strongly agree,Strongly Agree,Agree,Strongly agree,Agree,Strongly Agree,Strongly Agree,Neutral,Strongly agree,Strongly Agree,Agree,Disagree,Agree,Agree,Disagree,Neutral,Strongly agree,Strongly Agree,Agree,Strongly Agree,Alliance,Management,Non-Technical
02/05/2026 06:43:38,16,Male,11th,0-2 Hours,Neutral,Neutral,Agree,Neutral,Disagree,Disagree,Disagree,Disagree,Agree,Agree,Disagree,Neutral,Disagree,Neutral,Disagree,Disagree,Agree,Agree,Agree,Disagree,Disagree,Disagree,Neutral,Disagree,Disagree,Disagree,Agree,Disagree,Agree,Disagree,Disagree,Disagree,Disagree,Disagree,Agree,Disagree,Neutral,Nawajeewan,Health Science,Technical
02/05/2026 07:49:27,16,Male,11th,0-2 Hours,Neutral,Neutral,Agree,Neutral,Disagree,Disagree,Disagree,Disagree,Agree,Agree,Disagree,Neutral,Disagree,Neutral,Disagree,Disagree,Agree,Agree,Agree,Disagree,Disagree,Disagree,Neutral,Disagree,Disagree,Disagree,Agree,Disagree,Agree,Disagree,Disagree,Disagree,Disagree,Disagree,Agree,Disagree,Neutral,Nawajeewan,Health Science,Technical
02/05/2026 07:51:38,20,Female,12th,2-4 Hours,Strongly agree,Disagree,Strongly Agree,Strongly Agree,Strongly Agree,Disagree,Disagree,Disagree,Agree,Strongly Agree,Neutral,Disagree,Neutral,Disagree,Agree,Agree,Disagree,Neutral,Disagree,Stongly disagree,Agree,Neutral,Strongly Agree,Strongly disagree,Agree,Strongly disagree,Strongly Agree,Disagree,Neutral,Strongly disagree,Agree,Agree,Disagree,Strongly disagree,Neutral,Agree,Strongly Agree,Nawajeewan,Health Science,Technical
02/05/2026 07:53:42,18,Female,12th,2-4 Hours,Neutral,Neutral,Agree,Agree,Agree,Strongly disagree,Strongly disagree,Disagree,Agree,Strongly Agree,Agree,Agree,Agree,Neutral,Agree,Disagree,Agree,Agree,Strongly Agree,Agree,Agree,Strongly disagree,Strongly disagree,Agree,Agree,Agree,Strongly disagree,Agree,Agree,Agree,Strongly disagree,Neutral,Agree,Agree,Strongly Agree,Strongly agree,Agree,Nawajeewan,Health Science,Technical
02/05/2026 08:01:11,19,Female,11th,4-6 Hours,Agree,Disagree,Agree,Agree,Disagree,Agree,Agree,Agree,Agree,Agree,Agree,Agree,Agree,Agree,Agree,Disagree,Agree,Agree,Agree,Agree,Agree,Disagree,Agree,Agree,Agree,Disagree,Agree,Agree,Disagree,Disagree,Disagree,Disagree,Disagree,Disagree,Disagree,Agree,Agree,Nawajeewan,Health Science,Technical
02/05/2026 08:41:55,20,Female,12th,4-6 Hours,Disagree,Agree,Agree,Disagree,Strongly disagree,Disagree,Disagree,Agree,Strongly agree,Strongly Agree,Agree,Strongly Agree,Agree,Agree,Agree,Agree,Agree,Strongly agree,Agree,Strongly agree,Strongly agree,Disagree,Neutral,Agree,Agree,Disagree,Agree,Agree,Neutral,Agree,Strongly Agree,Agree,Disagree,Disagree,Agree,Neutral,Strongly Agree,Nawajeewan,Health Science,Technical
02/05/2026 08:46:17,20,Female,12th,4-6 Hours,Agree,Agree,Agree,Disagree,Neutral,Neutral,Agree,Agree,Agree,Strongly Agree,Agree,Agree,Agree,Agree,Agree,Neutral,Agree,Agree,Agree,Strongly agree,Strongly agree,Disagree,Neutral,Agree,Agree,Disagree,Agree,Disagree,Agree,Disagree,Strongly disagree,Strongly disagree,Disagree,Neutral,Neutral,Neutral,Strongly Agree,Nawajeewan,Health Science,Technical
02/05/2026 08:49:34,20,Male,12th,More than 6 Hours,Neutral,Neutral,Neutral,Neutral,Neutral,Neutral,Disagree,Neutral,Neutral,Disagree,Neutral,Agree,Agree,Neutral,Neutral,Neutral,Neutral,Neutral,Neutral,Disagree,Agree,Disagree,Neutral,Agree,Neutral,Neutral,Neutral,Neutral,Agree,Agree,Agree,Disagree,Neutral,Neutral,Neutral,Neutral,Strongly Agree,Nawajeewan,Health Science,Technical
02/05/2026 08:51:29,20,Female,12th,2-4 Hours,Strongly agree,Strongly Agree,Strongly Agree,Strongly Agree,Agree,Disagree,Strongly disagree,Strongly disagree,Agree,Strongly Agree,Agree,Disagree,Neutral,Neutral,Agree,Strongly disagree,Strongly disagree,Strongly agree,Neutral,Disagree,Disagree,Strongly disagree,Strongly Agree,Strongly disagree,Strongly disagree,Strongly disagree,Strongly disagree,Strongly disagree,Strongly disagree,Neutral,Agree,Strongly disagree,Strongly disagree,Strongly disagree,Strongly disagree,Neutral,Agree,Nawajeewan,Health Science,Technical
02/05/2026 08:53:01,19,Female,11th,4-6 Hours,Agree,Disagree,Agree,Disagree,Disagree,Agree,Agree,Agree,Agree,Agree,Agree,Agree,Agree,Agree,Agree,Agree,Agree,Agree,Agree,Agree,Agree,Disagree,Agree,Agree,Agree,Disagree,Agree,Agree,Disagree,Disagree,Disagree,Disagree,Disagree,,Disagree,Agree,Agree,Nawajeewan,Health Science,Technical
02/05/2026 08:55:15,20,Female,12th,4-6 Hours,Neutral,Neutral,Agree,Strongly Agree,Agree,Strongly disagree,Disagree,Neutral,Disagree,Strongly Agree,Agree,Neutral,Agree,Agree,Strongly agree,Strongly disagree,Strongly agree,Strongly agree,Strongly Agree,Neutral,Strongly agree,Agree,Neutral,Strongly Agree,Disagree,Neutral,Strongly Agree,Strongly disagree,Disagree,Neutral,Disagree,Neutral,Agree,Strongly disagree,Strongly Agree,Agree,Strongly Agree,Nawajeewan,Health Science,Technical
02/05/2026 08:57:18,20,Female,12th,2-4 Hours,Agree,Agree,Agree,Disagree,Agree,Disagree,Disagree,Disagree,Disagree,Agree,Disagree,Neutral,Neutral,Neutral,Neutral,Agree,Neutral,Disagree,Disagree,Disagree,Disagree,Agree,Agree,Disagree,Agree,Disagree,Neutral,Strongly disagree,Neutral,Strongly disagree,Strongly disagree,Strongly disagree,Disagree,Disagree,Neutral,Neutral,Strongly Agree,Nawajeewan,Health Science,Technical
02/05/2026 08:59:24,18,Female,11th,2-4 Hours,Disagree,Agree,Agree,Disagree,Agree,Disagree,Disagree,Disagree,Agree,Strongly Agree,Agree,Agree,Strongly disagree,Disagree,Disagree,Strongly disagree,Agree,Disagree,Disagree,Disagree,Disagree,Agree,Disagree,Agree,Agree,Agree,Strongly disagree,Disagree,Disagree,Disagree,Strongly disagree,Strongly disagree,Disagree,Disagree,Neutral,Neutral,Agree,Nawajeewan,Health Science,Technical
02/05/2026 09:02:07,19,Female,11th,2-4 Hours,Strongly disagree,Strongly disagree,Agree,Disagree,Agree,Disagree,Disagree,Disagree,Neutral,Agree,Disagree,Neutral,Neutral,Neutral,Neutral,Agree,Neutral,Neutral,Agree,Agree,Strongly agree,Disagree,Disagree,Agree,Agree,Disagree,Agree,Strongly disagree,Neutral,Strongly disagree,Strongly disagree,Strongly disagree,Disagree,Neutral,Neutral,Neutral,Strongly Agree,Nawajeewan,Health Science,Technical
02/05/2026 09:04:06,20,Female,12th,4-6 Hours,Agree,Agree,Agree,Disagree,Agree,Neutral,Agree,Agree,Agree,Strongly Agree,Agree,Agree,Agree,Agree,Agree,Neutral,Agree,Agree,Strongly Agree,Agree,Agree,Disagree,Neutral,Agree,Agree,Agree,Agree,Agree,Neutral,Agree,Agree,,Disagree,Disagree,Agree,Neutral,Strongly Agree,Nawajeewan,Health Science,Technical
02/05/2026 09:07:07,19,Male,12th,2-4 Hours,Strongly agree,Disagree,Agree,Agree,Disagree,Agree,Agree,Strongly disagree,Strongly agree,Strongly Agree,Agree,Strongly Agree,Strongly disagree,Agree,Agree,Agree,Agree,Agree,Strongly Agree,Agree,Agree,Disagree,Disagree,Agree,Agree,Disagree,Agree,Agree,Agree,Disagree,Disagree,Disagree,Disagree,Disagree,Disagree,Agree,Agree,Nawajeewan,Health Science,Technical
02/05/2026 09:10:47,20,Female,12th,2-4 Hours,Neutral,Neutral,Neutral,Neutral,Neutral,Strongly Agree,Strongly disagree,Neutral,Neutral,Neutral,Neutral,Neutral,Neutral,Neutral,Agree,Strongly disagree,Neutral,Neutral,Neutral,Agree,Neutral,Neutral,Strongly disagree,Neutral,Disagree,Disagree,Neutral,Disagree,Disagree,Disagree,Neutral,Neutral,Neutral,Disagree,Neutral,Strongly disagree,Neutral,Nawajeewan,Health Science,Technical
02/05/2026 09:23:26,19,Female,12th,More than 6 Hours,Strongly agree,Strongly Agree,Neutral,Strongly Agree,Strongly Agree,Agree,Agree,Agree,Agree,Strongly Agree,Strongly agree,Agree,Strongly Agree,Agree,Agree,Neutral,Agree,Agree,Strongly Agree,Neutral,Strongly agree,Strongly Agree,Strongly Agree,,Strongly Agree,Strongly agree,Strongly Agree,Strongly disagree,Strongly disagree,Neutral,Neutral,Strongly disagree,Disagree,Strongly disagree,Strongly disagree,Disagree,Strongly Agree,Nawajeewan,Health Science,Technical
02/05/2026 09:26:10,17,Female,11th,4-6 Hours,Agree,Disagree,Agree,Agree,Disagree,Agree,Agree,Agree,Agree,Agree,Agree,Agree,Agree,Agree,Agree,Disagree,Agree,Agree,Agree,Agree,Agree,Disagree,Agree,Agree,Agree,Disagree,Agree,Agree,Disagree,Disagree,Disagree,Strongly disagree,Disagree,Disagree,Disagree,Agree,Agree,Nawajeewan,Health Science,Technical
02/05/2026 09:28:37,20,Female,12th,2-4 Hours,Agree,Disagree,Agree,Agree,Agree,Agree,Agree,Agree,Agree,Agree,Agree,Agree,Agree,Agree,Agree,Agree,Agree,Agree,Agree,Agree,Agree,Disagree,Agree,Agree,Agree,Agree,Agree,Agree,Strongly Agree,Agree,Disagree,Disagree,Agree,Agree,Agree,Agree,Agree,Nawajeewan,Health Science,Technical
02/05/2026 09:30:05,17,Female,12th,2-4 Hours,Agree,Disagree,Agree,Agree,Agree,Agree,Agree,Agree,Agree,Agree,Agree,Agree,Agree,Agree,,Agree,Agree,Agree,Agree,Agree,Agree,Agree,Agree,Agree,Agree,Disagree,Agree,Disagree,Disagree,Disagree,Disagree,Disagree,Agree,Disagree,Disagree,Disagree,Strongly Agree,Nawajeewan,Health Science,Technical
02/05/2026 09:32:45,20,Female,12th,2-4 Hours,Neutral,Neutral,Agree,Disagree,Disagree,Disagree,Disagree,Neutral,Neutral,Agree,Agree,Disagree,Strongly disagree,Disagree,Agree,Disagree,Agree,Agree,Agree,Agree,,Disagree,Disagree,Disagree,Strongly Agree,Strongly disagree,Agree,Agree,Disagree,Disagree,Disagree,Agree,Disagree,Neutral,Neutral,Agree,Agree,Nawajeewan,Health Science,Technical
02/05/2026 09:35:11,18,Female,11th,4-6 Hours,Neutral,Agree,Agree,Strongly disagree,Agree,Agree,Disagree,Neutral,Neutral,Strongly Agree,Disagree,Disagree,Neutral,Agree,Disagree,Agree,Neutral,Strongly agree,Neutral,Agree,Neutral,Neutral,Disagree,Strongly Agree,Disagree,Neutral,Disagree,Neutral,Neutral,Disagree,Disagree,Neutral,Disagree,Disagree,Disagree,Agree,Agree,Nawajeewan,Health Science,Technical
02/05/2026 09:37:12,18,Female,12th,4-6 Hours,Neutral,Agree,Strongly Agree,Strongly Agree,Neutral,Agree,Strongly Agree,Neutral,Agree,Strongly Agree,Neutral,Agree,Disagree,Agree,Strongly agree,Neutral,Agree,Strongly agree,Agree,Agree,Agree,Neutral,Neutral,Disagree,Agree,Agree,Disagree,Neutral,Neutral,Strongly disagree,Disagree,Disagree,Disagree,Agree,Agree,Agree,Agree,Nawajeewan,Health Science,Technical
02/05/2026 09:46:20,19,Female,12th,More than 6 Hours,Strongly agree,Agree,Strongly Agree,Strongly Agree,Agree,Strongly Agree,Agree,Disagree,Strongly agree,Strongly Agree,Disagree,Strongly Agree,Agree,Agree,Strongly agree,Neutral,Agree,Strongly agree,Strongly Agree,Agree,Strongly agree,Agree,Disagree,Neutral,Agree,Neutral,Strongly Agree,Agree,Agree,Neutral,Agree,Disagree,Agree,Agree,Agree,Agree,Agree,Nawajeewan,Health Science,Technical
02/05/2026 09:48:02,20,Female,12th,4-6 Hours,Neutral,Neutral,Agree,Disagree,Disagree,Agree,Strongly Agree,Agree,Agree,Strongly Agree,Agree,Agree,Agree,Neutral,Agree,Disagree,Agree,Agree,Strongly Agree,Agree,Strongly agree,Neutral,Neutral,Agree,Agree,Neutral,Agree,Agree,Disagree,Strongly disagree,Strongly disagree,Neutral,Agree,Agree,Strongly Agree,Strongly agree,Agree,Nawajeewan,Health Science,Technical
02/05/2026 09:50:03,20,Female,12th,2-4 Hours,Neutral,Neutral,Agree,Disagree,Neutral,Agree,Agree,Agree,Agree,Agree,Neutral,Neutral,Agree,Agree,Neutral,Neutral,Agree,Neutral,Neutral,Agree,Strongly agree,Neutral,Neutral,Neutral,Agree,Neutral,Agree,Strongly disagree,Agree,Strongly disagree,Neutral,Strongly disagree,Agree,Agree,Agree,Agree,Strongly Agree,Nawajeewan,Health Science,Technical
02/05/2026 09:52:10,19,Female,12th,2-4 Hours,Agree,Neutral,Strongly Agree,Disagree,Disagree,Neutral,Strongly Agree,Agree,Agree,Strongly Agree,Agree,Agree,Neutral,Agree,Strongly agree,Agree,Strongly agree,Strongly agree,Strongly Agree,Agree,Agree,Agree,Neutral,Agree,Agree,Neutral,Agree,Agree,Disagree,Disagree,Disagree,Disagree,Neutral,Disagree,Strongly Agree,Agree,Strongly Agree,Nawajeewan,Health Science,Technical
02/05/2026 09:55:01,20,Female,12th,2-4 Hours,Agree,Agree,Strongly Agree,Disagree,Disagree,Agree,Agree,Strongly Agree,Agree,Agree,Agree,Agree,Disagree,Disagree,Strongly agree,Strongly disagree,Agree,Agree,Strongly Agree,Agree,Agree,Disagree,Strongly Agree,Neutral,Agree,Disagree,Agree,Agree,Disagree,Agree,Strongly Agree,Neutral,Disagree,Agree,Agree,Agree,,Nawajeewan,Health Science,Technical
02/05/2026 09:57:04,17,Male,11th,4-6 Hours,Neutral,Agree,Neutral,Agree,Neutral,Agree,Neutral,Agree,Agree,Agree,Agree,Agree,Neutral,Disagree,Neutral,Agree,Agree,Neutral,Agree,Disagree,Neutral,Agree,Neutral,Neutral,Disagree,Agree,Neutral,Disagree,Disagree,Disagree,Neutral,Strongly disagree,Strongly Agree,Strongly disagree,Neutral,Strongly disagree,Neutral,Nawajeewan,Health Science,Technical
02/05/2026 09:59:08,17,Male,11th,2-4 Hours,Neutral,Agree,Disagree,Strongly Agree,Disagree,Disagree,Agree,Neutral,Neutral,Strongly Agree,Neutral,Agree,Disagree,Disagree,Strongly agree,Agree,Agree,Strongly agree,Agree,Disagree,Agree,Disagree,Disagree,Disagree,Agree,Disagree,Disagree,Agree,Disagree,Disagree,Agree,Neutral,Neutral,Agree,Neutral,Disagree,Disagree,Nawajeewan,Health Science,Technical
02/05/2026 10:17:18,17,Female,11th,2-4 Hours,Disagree,Neutral,Agree,Disagree,Neutral,Disagree,Strongly disagree,Agree,Agree,Agree,Strongly agree,Strongly disagree,Disagree,Agree,Agree,Strongly disagree,Agree,Agree,Agree,Disagree,Strongly disagree,Disagree,Disagree,Disagree,Disagree,Strongly disagree,Agree,Disagree,Disagree,Strongly disagree,Agree,Agree,Disagree,Strongly disagree,Agree,Strongly disagree,Agree,Nawajeewan,Health Science,Technical
02/05/2026 10:18:58,17,Female,11th,2-4 Hours,Neutral,Disagree,Agree,Disagree,Neutral,Disagree,Strongly disagree,Agree,Agree,Agree,Strongly agree,Agree,Strongly disagree,Agree,Agree,Strongly disagree,Agree,Agree,Strongly Agree,Disagree,Disagree,Neutral,Agree,Strongly disagree,Disagree,Strongly disagree,Agree,Disagree,Disagree,Disagree,Agree,Agree,Disagree,Strongly disagree,Agree,Agree,Disagree,Nawajeewan,Health Science,Non-Technical
02/05/2026 16:17:01,18,Female,11th,2-4 Hours,Agree,Agree,Agree,Disagree,Disagree,Disagree,Disagree,Strongly Agree,Agree,Agree,Agree,Agree,Agree,Agree,Agree,Disagree,Disagree,Agree,Agree,Agree,Agree,Disagree,Disagree,Disagree,Agree,,Agree,Agree,Disagree,Disagree,Agree,Strongly disagree,Strongly disagree,Strongly disagree,Strongly Agree,Strongly disagree,Strongly Agree,Alliance,General Management,Non-Technical
02/05/2026 16:19:07,17,Female,11th,4-6 Hours,Agree,Agree,Agree,Disagree,Disagree,Disagree,Agree,Disagree,Agree,Agree,Agree,Agree,Agree,Agree,Agree,Disagree,Disagree,Agree,Agree,Agree,Agree,Disagree,Disagree,Disagree,Agree,Agree,Agree,Agree,Disagree,Disagree,Agree,Strongly disagree,Strongly Agree,Strongly disagree,Strongly disagree,Strongly agree,Strongly Agree,Alliance,General Management,Non-Technical
02/05/2026 16:25:20,17,Male,11th,2-4 Hours,Agree,Disagree,Agree,Neutral,Agree,Agree,Neutral,Agree,Agree,Agree,Agree,Agree,Agree,Agree,Agree,Agree,Agree,Agree,Agree,Neutral,Agree,Agree,Agree,Neutral,Neutral,Neutral,Agree,Agree,Neutral,Neutral,Agree,Neutral,Agree,Agree,Agree,Neutral,Agree,Alliance,General Management,Non-Technical
02/05/2026 16:30:14,19,Male,11th,2-4 Hours,Agree,Neutral,Strongly Agree,Agree,Agree,Agree,Agree,Neutral,Agree,Strongly Agree,Agree,Neutral,Neutral,Neutral,Agree,Neutral,Strongly agree,Strongly agree,Strongly Agree,Strongly agree,Agree,Neutral,Agree,Agree,Agree,Agree,Neutral,Neutral,Agree,Disagree,Disagree,Strongly disagree,Neutral,Agree,Neutral,Neutral,Agree,Alliance,General Management,Non-Technical
02/05/2026 16:32:44,19,Male,11th,4-6 Hours,Agree,Neutral,Agree,Neutral,Neutral,Agree,Neutral,,Agree,Agree,Agree,Neutral,Disagree,Disagree,Agree,Neutral,Agree,Agree,Agree,Neutral,Agree,Agree,Agree,Neutral,Neutral,Strongly disagree,Neutral,Disagree,Disagree,Neutral,Neutral,Strongly disagree,Strongly disagree,Disagree,Neutral,Agree,Strongly Agree,Alliance,General Management,Non-Technical
03/05/2026 20:26:06,17,Female,11th,2-4 Hours,Agree,Agree,Neutral,Agree,Agree,Strongly disagree,Agree,Neutral,Agree,Agree,Agree,Neutral,Agree,Strongly disagree,Agree,Agree,Agree,Strongly agree,Strongly Agree,Strongly agree,Agree,Neutral,Neutral,Neutral,Neutral,Neutral,Neutral,Agree,Strongly disagree,Agree,Agree,Neutral,Agree,Strongly disagree,Disagree,Disagree,Strongly disagree,Nawajeewan,Health Science,Technical
03/05/2026 20:27:39,17,Male,11th,2-4 Hours,Neutral,Neutral,Agree,Neutral,Neutral,Agree,Agree,Neutral,Strongly agree,Strongly Agree,Agree,Agree,Neutral,Agree,Agree,Neutral,Agree,Strongly agree,Strongly Agree,Agree,Strongly agree,Strongly Agree,Neutral,Strongly Agree,Agree,Strongly agree,Neutral,Disagree,Disagree,Strongly disagree,Disagree,Strongly disagree,Neutral,Disagree,Disagree,Neutral,Agree,Nawajeewan,Health Science,Technical
03/05/2026 20:29:31,20,Male,12th,2-4 Hours,Neutral,Neutral,Strongly Agree,Disagree,Agree,Agree,Strongly Agree,Agree,Agree,Agree,Neutral,Agree,Agree,Strongly agree,Agree,Neutral,Strongly agree,Strongly agree,Neutral,Agree,Strongly agree,Agree,Agree,Strongly Agree,Agree,Neutral,Disagree,Neutral,Disagree,Disagree,Disagree,Disagree,Disagree,Disagree,Agree,Agree,Agree,Nawajeewan,Health Science,Technical
03/05/2026 20:31:48,17,Female,12th,2-4 Hours,Agree,Agree,Agree,Disagree,Disagree,Agree,Agree,Agree,Agree,Agree,Agree,Agree,Disagree,Disagree,Agree,Strongly disagree,Agree,Agree,Agree,Agree,Agree,Neutral,Agree,Disagree,Disagree,Disagree,Agree,Agree,Disagree,Strongly disagree,Agree,Disagree,Disagree,Disagree,Neutral,Neutral,Agree,Nawajeewan,Health Science,Technical
03/05/2026 20:33:29,17,Male,11th,0-2 Hours,Neutral,Neutral,Agree,Neutral,Disagree,Disagree,Disagree,Neutral,Strongly agree,Strongly Agree,Agree,Neutral,Neutral,Agree,Agree,Neutral,Neutral,Agree,Strongly Agree,Agree,Strongly agree,Strongly Agree,Neutral,Neutral,Neutral,Disagree,Neutral,Neutral,Disagree,Neutral,Neutral,Strongly disagree,Neutral,Disagree,Disagree,Neutral,Agree,Nawajeewan,Health Science,Technical
03/05/2026 20:35:33,17,Female,11th,4-6 Hours,Neutral,Neutral,Strongly Agree,Agree,Strongly Agree,Agree,Agree,Agree,Agree,Strongly Agree,Strongly agree,Agree,Agree,Neutral,Strongly agree,Neutral,Strongly agree,Strongly agree,Strongly Agree,Strongly agree,Strongly agree,Agree,Agree,Agree,Strongly Agree,Neutral,Strongly Agree,Agree,Disagree,Disagree,Neutral,Strongly disagree,Agree,Neutral,Disagree,Strongly agree,Strongly Agree,Nawajeewan,Health Science,Technical
03/05/2026 20:38:28,16,Female,11th,2-4 Hours,Neutral,Neutral,Agree,Disagree,Strongly disagree,Neutral,Neutral,Disagree,Neutral,Agree,Agree,Neutral,Strongly disagree,Disagree,Neutral,Disagree,Neutral,Agree,Agree,Agree,Strongly agree,Disagree,Agree,Disagree,Agree,Disagree,Neutral,Disagree,Strongly disagree,Strongly disagree,Disagree,Strongly disagree,Strongly disagree,Strongly disagree,Disagree,Neutral,Strongly Agree,Nawajeewan,Health Science,Technical
03/05/2026 20:40:23,16,Male,11th,More than 6 Hours,Disagree,Neutral,Agree,Agree,Agree,Strongly Agree,Agree,Neutral,Agree,Agree,Agree,Agree,Strongly Agree,Agree,Agree,Disagree,Agree,Agree,Strongly Agree,Strongly agree,Strongly agree,Disagree,Disagree,Disagree,Agree,Neutral,Agree,Strongly Agree,Strongly disagree,Disagree,Disagree,Strongly disagree,Disagree,Strongly disagree,Agree,,Strongly disagree,Nawajeewan,Health Science,Technical
03/05/2026 20:42:11,20,Male,12th,More than 6 Hours,Neutral,Neutral,Agree,Agree,Disagree,Agree,Strongly Agree,Strongly Agree,Strongly agree,Strongly Agree,Neutral,Agree,Agree,Agree,Agree,Disagree,Strongly agree,Agree,Strongly Agree,Agree,Strongly agree,Strongly disagree,Disagree,Strongly Agree,Agree,Disagree,Agree,Agree,Strongly disagree,Agree,Agree,Strongly disagree,Neutral,Neutral,Agree,Disagree,Strongly disagree,Nawajeewan,Health Science,Technical
03/05/2026 20:43:43,20,Male,12th,More than 6 Hours,Neutral,Neutral,Agree,Agree,Disagree,Agree,Strongly Agree,Agree,Strongly agree,Agree,Neutral,Agree,Agree,Strongly agree,Agree,Disagree,Agree,Agree,Strongly Agree,Agree,Agree,Strongly disagree,Disagree,Strongly Agree,Agree,Disagree,Agree,Agree,Disagree,Agree,Agree,Strongly disagree,Neutral,Neutral,Neutral,Disagree,Strongly Agree,Nawajeewan,Health Science,Technical
03/05/2026 20:45:52,17,Female,11th,4-6 Hours,Neutral,Neutral,Strongly Agree,Neutral,Agree,Strongly Agree,Strongly Agree,Agree,Agree,Strongly Agree,Strongly agree,Agree,Agree,Agree,Agree,Neutral,Agree,Agree,Strongly Agree,Agree,Agree,Agree,Agree,Neutral,Strongly Agree,Neutral,Agree,Strongly Agree,Disagree,Agree,Neutral,Strongly disagree,Disagree,Agree,Neutral,Strongly agree,Strongly Agree,Nawajeewan,Health Science,Technical
03/05/2026 20:48:09,17,Male,11th,2-4 Hours,Neutral,Agree,Neutral,Neutral,Strongly disagree,Agree,Neutral,Agree,Neutral,Strongly Agree,Agree,Agree,Neutral,Agree,Agree,Strongly agree,Strongly disagree,Agree,Strongly Agree,Agree,Strongly disagree,Agree,Neutral,Neutral,Neutral,Agree,Strongly disagree,Neutral,Strongly disagree,Disagree,Disagree,Strongly disagree,Disagree,Strongly disagree,Agree,Strongly disagree,Neutral,Nawajeewan,Health Science,Technical
03/05/2026 20:50:25,17,Male,11th,More than 6 Hours,Disagree,Neutral,Strongly Agree,Strongly disagree,Disagree,Neutral,Strongly disagree,Strongly Agree,Disagree,Agree,Strongly disagree,Strongly Agree,Disagree,Neutral,Strongly disagree,Strongly agree,Disagree,Neutral,Disagree,Stongly disagree,Disagree,Strongly Agree,Disagree,Strongly disagree,Strongly Agree,Agree,Neutral,Strongly disagree,Disagree,Strongly Agree,Strongly Agree,Disagree,Neutral,Strongly disagree,Strongly Agree,Disagree,Strongly Agree,Nawajeewan,Health Science,Technical
03/05/2026 20:52:26,18,Female,11th,2-4 Hours,Neutral,Agree,Neutral,Neutral,Strongly disagree,Neutral,Agree,Agree,Neutral,Strongly Agree,Neutral,Neutral,Disagree,Neutral,Neutral,Disagree,Agree,Agree,Agree,Neutral,Agree,Strongly disagree,Agree,Disagree,Agree,Disagree,Neutral,Disagree,Strongly disagree,Strongly disagree,Strongly disagree,Strongly disagree,Strongly disagree,Disagree,Strongly disagree,Neutral,Strongly Agree,Nawajeewan,Health Science,Technical
03/05/2026 20:54:18,17,Female,11th,4-6 Hours,Neutral,Neutral,Neutral,Agree,Disagree,Strongly Agree,Disagree,Disagree,Agree,Strongly Agree,Strongly agree,Agree,Agree,Agree,Agree,Agree,Agree,Agree,Agree,Agree,Agree,Neutral,Agree,Disagree,Disagree,Disagree,Strongly Agree,Strongly disagree,Disagree,Disagree,Neutral,Strongly disagree,Agree,Disagree,Disagree,Disagree,Agree,Nawajeewan,Health Science,Technical
03/05/2026 20:56:29,17,Female,11th,4-6 Hours,Neutral,Neutral,Neutral,Agree,Disagree,Neutral,Disagree,Disagree,Neutral,Strongly Agree,Strongly agree,Strongly Agree,Agree,Agree,,Agree,Agree,Agree,Agree,Agree,Neutral,Neutral,Agree,Disagree,Disagree,Disagree,Agree,Disagree,Disagree,Strongly disagree,Neutral,Disagree,Disagree,Disagree,Disagree,Neutral,Agree,Nawajeewan,Health Science,Technical
03/05/2026 20:58:11,17,Female,11th,0-2 Hours,Agree,Agree,Agree,Agree,Disagree,Neutral,Neutral,Disagree,Disagree,Strongly disagree,Disagree,Agree,Strongly disagree,Neutral,Disagree,Disagree,Neutral,Agree,Agree,Agree,Agree,Disagree,Disagree,Disagree,Agree,Strongly disagree,Agree,Disagree,Neutral,Disagree,Disagree,Strongly disagree,Disagree,Strongly disagree,Strongly Agree,Agree,Strongly Agree,Nawajeewan,Health Science,Technical
03/05/2026 20:59:47,17,Female,11th,4-6 Hours,Agree,Neutral,Strongly Agree,Disagree,Agree,Agree,Neutral,Disagree,Agree,Agree,Agree,Agree,Neutral,Agree,Agree,Disagree,Agree,Agree,Agree,Agree,Strongly agree,Neutral,Disagree,Agree,Agree,Disagree,Neutral,Agree,Disagree,Disagree,Disagree,Disagree,Disagree,Disagree,Agree,Agree,Agree,Nawajeewan,Health Science,Technical
03/05/2026 21:01:38,17,Female,11th,4-6 Hours,Agree,Agree,Agree,Disagree,Agree,Agree,Agree,Strongly disagree,Neutral,Neutral,Disagree,Agree,Agree,Agree,Agree,Agree,Neutral,Disagree,Agree,Agree,Agree,Neutral,Disagree,Agree,Agree,Disagree,Agree,Agree,Disagree,Disagree,Disagree,Strongly disagree,Disagree,Disagree,Agree,Agree,Strongly Agree,Nawajeewan,Health Science,Technical
03/05/2026 21:03:23,17,Female,11th,4-6 Hours,Agree,Agree,Agree,Disagree,Agree,Agree,Neutral,Agree,Neutral,Agree,Agree,Agree,Disagree,Neutral,Agree,Disagree,Agree,Agree,Agree,Agree,Agree,Agree,Disagree,Agree,Agree,Disagree,Agree,Agree,Disagree,Disagree,Disagree,Disagree,Disagree,Disagree,Agree,Agree,Agree,Nawajeewan,Health Science,Technical
03/05/2026 21:05:05,17,Female,11th,4-6 Hours,Agree,Agree,Agree,Agree,Disagree,Agree,Agree,Agree,Agree,Strongly Agree,Agree,Agree,Strongly disagree,Neutral,Neutral,Disagree,Neutral,Agree,Agree,Agree,Agree,Disagree,Disagree,Disagree,Agree,Strongly disagree,Agree,Disagree,Neutral,Disagree,Disagree,Strongly disagree,Disagree,Strongly disagree,Strongly Agree,Agree,Strongly Agree,Nawajeewan,Health Science,Technical
03/05/2026 21:08:53,16,Female,11th,2-4 Hours,Agree,Strongly Agree,Agree,Agree,Strongly disagree,Agree,Agree,Agree,Agree,Agree,Agree,Agree,Strongly disagree,Neutral,Neutral,Disagree,Agree,Agree,Agree,Agree,Agree,Disagree,Disagree,Disagree,Strongly disagree,Strongly disagree,Agree,Disagree,Neutral,Disagree,Disagree,Strongly disagree,Disagree,Strongly disagree,Strongly Agree,Agree,Strongly Agree,Nawajeewan,Health Science,Technical
03/05/2026 21:10:42,16,Female,11th,2-4 Hours,Disagree,Strongly disagree,Agree,Disagree,Agree,Disagree,Agree,Agree,Disagree,Agree,Agree,Disagree,Disagree,Disagree,Disagree,Strongly disagree,Disagree,Strongly disagree,Agree,Agree,Agree,Disagree,Agree,Disagree,Agree,Disagree,Agree,Agree,Disagree,Agree,Agree,Disagree,Disagree,Disagree,Agree,Agree,Agree,Nawajeewan,Health Science,Technical
03/05/2026 21:12:20,16,Female,11th,2-4 Hours,Disagree,Strongly disagree,Agree,Strongly disagree,Agree,Agree,Agree,Agree,Disagree,Agree,Agree,Agree,Disagree,Agree,Disagree,Strongly disagree,Disagree,Disagree,Agree,Agree,Agree,Disagree,Agree,Disagree,Agree,Disagree,Agree,Agree,Disagree,Disagree,Disagree,Disagree,Disagree,Disagree,Agree,Agree,Agree,Nawajeewan,Health Science,Technical
06/05/2026 14:22:41,16,Male,11th,2-4 Hours,Agree,Agree,Agree,Strongly disagree,Strongly disagree,Agree,Agree,Agree,Agree,Agree,Strongly agree,Agree,Strongly Agree,Strongly agree,Agree,Strongly disagree,Strongly agree,Agree,Strongly Agree,Agree,Strongly agree,Strongly Agree,Agree,Disagree,Agree,Agree,Agree,Neutral,Agree,Disagree,Neutral,Neutral,Agree,Agree,Strongly Agree,Strongly agree,Strongly Agree,Alliance,General Management,Non-Technical
11/06/2026 20:24:50,16,Male,11th,2-4 Hours,Agree,Agree,Neutral,Neutral,Neutral,Agree,Agree,Strongly disagree,Agree,Strongly Agree,Strongly agree,Strongly Agree,Strongly disagree,Strongly disagree,Strongly agree,Agree,Strongly agree,Strongly agree,Strongly Agree,Stongly disagree,Strongly agree,Strongly Agree,Strongly Agree,Strongly Agree,Strongly Agree,Agree,Strongly Agree,Strongly Agree,Disagree,Strongly disagree,Neutral,Strongly disagree,Disagree,Strongly disagree,Disagree,Neutral,Strongly Agree,Panchodaya,General Management,Non-Technical
11/06/2026 20:27:31,18,Male,11th,2-4 Hours,Neutral,Neutral,Agree,Neutral,Neutral,Agree,Agree,,Agree,Strongly Agree,Strongly agree,Agree,Agree,Agree,Agree,,Agree,Agree,Agree,Agree,Agree,Neutral,Agree,Neutral,Agree,Agree,Neutral,Agree,Agree,Agree,Strongly Agree,Strongly disagree,Agree,Agree,Agree,Neutral,Strongly Agree,NAST,Computer Science,Technical
11/06/2026 20:28:44,17,Male,11th,2-4 Hours,Agree,Agree,Agree,Neutral,Neutral,Agree,Agree,Disagree,Agree,Agree,Strongly agree,Strongly Agree,Strongly disagree,Strongly disagree,Strongly agree,Neutral,Strongly agree,Strongly agree,Strongly Agree,Stongly disagree,Strongly agree,Agree,Strongly Agree,Strongly Agree,Disagree,Strongly disagree,Strongly Agree,Strongly Agree,Disagree,Strongly disagree,Neutral,Strongly disagree,Neutral,Strongly disagree,Disagree,Strongly disagree,Strongly Agree,Panchodaya,General Management,Non-Technical
11/06/2026 20:31:04,18,Male,11th,2-4 Hours,Neutral,Agree,Strongly Agree,Agree,Agree,Agree,Agree,Agree,Agree,Agree,Disagree,Agree,Neutral,Agree,Agree,Agree,Agree,Agree,Agree,Agree,Agree,Neutral,Neutral,Agree,Agree,Disagree,,Neutral,Agree,Neutral,Agree,Disagree,Strongly disagree,Agree,Agree,Disagree,Strongly Agree,NAST,Computer Science,Technical
11/06/2026 20:32:09,16,Male,11th,2-4 Hours,Agree,Agree,Agree,Neutral,Neutral,Agree,Agree,Strongly disagree,Strongly agree,Strongly Agree,Strongly agree,Strongly Agree,Strongly disagree,Strongly disagree,Strongly agree,Agree,Strongly agree,Strongly agree,Strongly Agree,Stongly disagree,Strongly agree,Agree,Strongly Agree,Strongly Agree,Disagree,Strongly disagree,Strongly Agree,Strongly Agree,Disagree,Strongly disagree,Agree,Strongly disagree,Disagree,Strongly disagree,Strongly disagree,Neutral,Strongly Agree,Panchodaya,General Management,Non-Technical
11/06/2026 20:33:30,17,Male,11th,2-4 Hours,Neutral,Strongly disagree,Strongly Agree,Disagree,Strongly disagree,Agree,Agree,Agree,Agree,Strongly Agree,Agree,Agree,Neutral,Agree,Agree,Agree,Agree,Agree,Neutral,Agree,Strongly agree,Agree,Agree,Strongly Agree,Agree,Agree,Agree,Disagree,Neutral,Disagree,Disagree,Strongly disagree,Agree,Agree,Agree,Disagree,Strongly Agree,NAST,Computer Science,Technical
11/06/2026 20:35:33,17,Male,11th,2-4 Hours,Neutral,Neutral,Agree,Disagree,Agree,Agree,Agree,Agree,Agree,Strongly Agree,Agree,Strongly Agree,Agree,Strongly agree,Agree,Agree,Agree,Strongly agree,Strongly Agree,Strongly agree,Strongly agree,Agree,Strongly Agree,Strongly Agree,Agree,Neutral,Agree,Strongly disagree,Disagree,Disagree,Disagree,Strongly disagree,Neutral,Disagree,Neutral,Neutral,Strongly Agree,NAST,Computer Science,Technical
11/06/2026 20:35:52,16,Male,11th,2-4 Hours,Neutral,Agree,Agree,Agree,Agree,,Strongly Agree,Strongly disagree,Agree,Agree,Strongly agree,Agree,Strongly disagree,Agree,Agree,Disagree,Disagree,Agree,Agree,Agree,Agree,Agree,Neutral,Agree,Agree,Disagree,Agree,Agree,Disagree,Disagree,Agree,Disagree,Disagree,Disagree,Agree,Neutral,Agree,Panchodaya,General Management,Non-Technical
11/06/2026 20:38:15,16,Female,11th,2-4 Hours,Neutral,Agree,Agree,Agree,Agree,Agree,Strongly disagree,Strongly Agree,Strongly disagree,Agree,Strongly agree,Strongly disagree,Strongly disagree,Strongly disagree,Agree,Strongly disagree,Disagree,Agree,Agree,Disagree,Disagree,Agree,Disagree,Agree,Disagree,Disagree,Agree,Agree,Disagree,Agree,Agree,Disagree,Disagree,Agree,Neutral,Agree,Agree,Panchodaya,General Management,Non-Technical
11/06/2026 20:39:58,16,Female,11th,2-4 Hours,Disagree,Agree,Disagree,Agree,Agree,Agree,Strongly disagree,Strongly Agree,Strongly agree,Strongly disagree,Strongly agree,Strongly disagree,Strongly disagree,Strongly disagree,Neutral,Strongly disagree,Disagree,Agree,Agree,Neutral,Disagree,Agree,,Disagree,Disagree,Disagree,Disagree,Agree,Disagree,Agree,Agree,Disagree,Disagree,Disagree,Agree,Neutral,Agree,Panchodaya,General Management,Non-Technical
11/06/2026 20:41:50,17,Female,11th,0-2 Hours,Neutral,Agree,Agree,Agree,Agree,Agree,Strongly disagree,Strongly Agree,Strongly agree,,Strongly agree,Strongly disagree,Strongly disagree,Strongly disagree,Neutral,Strongly disagree,Disagree,Agree,Agree,Neutral,Disagree,Agree,Disagree,Strongly disagree,Disagree,Neutral,Strongly disagree,Neutral,Disagree,Agree,Disagree,Disagree,Disagree,Disagree,Disagree,Neutral,Agree,Panchodaya,General Management,Non-Technical
11/06/2026 20:43:50,16,Female,11th,2-4 Hours,Disagree,Disagree,Neutral,Disagree,Disagree,Strongly disagree,Strongly disagree,Strongly disagree,Strongly disagree,Strongly disagree,Strongly disagree,Strongly disagree,Strongly disagree,Strongly disagree,Disagree,Strongly disagree,Strongly disagree,Strongly disagree,Disagree,Disagree,Strongly disagree,Strongly disagree,Disagree,Disagree,Strongly disagree,Disagree,,Strongly disagree,Disagree,Disagree,Disagree,,Disagree,Strongly disagree,Disagree,Disagree,Strongly disagree,Panchodaya,General Management,Non-Technical
11/06/2026 21:29:58,16,Female,11th,,Neutral,Neutral,Neutral,Neutral,Agree,Strongly Agree,Strongly disagree,Agree,Agree,Agree,Agree,Neutral,Neutral,Disagree,Agree,Strongly disagree,Disagree,Neutral,Disagree,Neutral,Strongly disagree,Strongly disagree,Strongly disagree,Disagree,Neutral,Strongly disagree,,Strongly disagree,Strongly disagree,Neutral,Disagree,Agree,Disagree,Disagree,Disagree,Neutral,Strongly disagree,Panchodaya,General Management,Non-Technical
11/06/2026 21:33:55,16,Female,11th,4-6 Hours,Disagree,Neutral,Neutral,Agree,Strongly Agree,Strongly disagree,Agree,Agree,Agree,Agree,Agree,Neutral,Neutral,Disagree,Agree,Strongly disagree,Disagree,Neutral,Disagree,Neutral,Strongly disagree,Strongly disagree,Strongly disagree,Disagree,Neutral,Strongly disagree,Disagree,Strongly disagree,Neutral,Neutral,Disagree,Agree,Strongly disagree,Agree,Agree,Neutral,Strongly Agree,Panchodaya,General Management,Non-Technical
11/06/2026 21:37:44,17,Female,11th,4-6 Hours,Disagree,Neutral,Neutral,Neutral,Agree,Strongly Agree,Strongly disagree,Agree,Agree,Strongly disagree,Agree,Neutral,Agree,Disagree,Agree,Neutral,Disagree,Neutral,Disagree,Neutral,Strongly disagree,Strongly disagree,Disagree,Neutral,Strongly disagree,Disagree,Disagree,Disagree,Agree,Neutral,Disagree,Agree,Disagree,,Disagree,Neutral,Strongly disagree,Panchodaya,General Management,Non-Technical
11/06/2026 21:38:41,17,Male,11th,2-4 Hours,Neutral,Neutral,Strongly Agree,Disagree,Agree,Strongly Agree,Strongly Agree,Strongly Agree,Neutral,Strongly Agree,Agree,Strongly Agree,Neutral,Agree,Disagree,Agree,Agree,Agree,Agree,Agree,Strongly agree,Agree,Agree,Disagree,Disagree,Disagree,Disagree,Neutral,Neutral,Strongly disagree,Strongly Agree,Neutral,Disagree,Strongly disagree,Disagree,Strongly disagree,Strongly Agree,NAST,Computer Science,Technical
11/06/2026 21:41:08,16,Male,11th,2-4 Hours,Agree,Neutral,Agree,Disagree,Disagree,Strongly Agree,Strongly Agree,Strongly Agree,Strongly agree,Strongly Agree,Strongly agree,Strongly Agree,Strongly Agree,Strongly agree,Neutral,Agree,Agree,,Agree,Agree,Agree,Agree,Agree,Strongly Agree,Strongly Agree,Neutral,Strongly Agree,Disagree,Neutral,Strongly disagree,Strongly disagree,Strongly disagree,Disagree,Strongly disagree,Strongly Agree,Strongly disagree,Strongly Agree,NAST,Computer Science,Technical
11/06/2026 21:41:21,18,Male,11th,0-2 Hours,Agree,Agree,Agree,Disagree,Agree,Agree,Agree,Agree,Agree,Agree,Agree,Agree,Neutral,Agree,Agree,Agree,Agree,Agree,Agree,Agree,Agree,Agree,Agree,Agree,Agree,Agree,Disagree,Disagree,Agree,Disagree,Disagree,Disagree,Neutral,Neutral,Agree,Agree,Strongly Agree,NAST,Bio Science,Non-Technical
11/06/2026 21:41:37,17,Female,11th,4-6 Hours,Neutral,Neutral,Neutral,Disagree,Disagree,Agree,Disagree,Agree,Agree,Agree,Agree,Agree,Neutral,Neutral,Agree,Agree,Neutral,Disagree,Agree,Neutral,Disagree,Disagree,Strongly disagree,Disagree,Disagree,Strongly disagree,Disagree,Strongly disagree,Disagree,Agree,Neutral,Disagree,Disagree,Disagree,Neutral,Disagree,Agree,Panchodaya,General Management,Non-Technical
11/06/2026 21:43:16,16,Male,11th,2-4 Hours,Neutral,Agree,Agree,Disagree,Agree,Agree,Agree,Agree,Neutral,Strongly Agree,Strongly agree,Strongly Agree,Agree,Agree,Agree,Agree,Agree,Agree,Strongly Agree,Strongly agree,Strongly agree,Strongly Agree,Agree,Strongly Agree,Agree,Strongly agree,Agree,Disagree,Disagree,Disagree,Disagree,Strongly disagree,Agree,Agree,Agree,Agree,Strongly Agree,NAST,Computer Science,Technical
11/06/2026 21:44:38,17,Female,11th,0-2 Hours,Neutral,Disagree,Agree,Disagree,Disagree,Agree,Neutral,Neutral,Agree,Agree,Agree,Neutral,Disagree,Neutral,Agree,Disagree,Disagree,Neutral,Neutral,Disagree,Disagree,Neutral,Disagree,Disagree,Disagree,Disagree,Agree,Agree,Disagree,Disagree,Disagree,Disagree,Disagree,Disagree,Disagree,Disagree,Agree,Panchodaya,General Management,Non-Technical
11/06/2026 21:45:59,17,Male,11th,4-6 Hours,Agree,Strongly disagree,Agree,Agree,Disagree,Agree,Strongly Agree,Neutral,Strongly agree,Strongly Agree,Strongly agree,Strongly Agree,Strongly Agree,Agree,Strongly agree,Agree,Strongly agree,Strongly agree,Strongly Agree,Agree,Strongly agree,Agree,Agree,Agree,Agree,Neutral,Strongly Agree,Agree,Agree,Neutral,Strongly Agree,Strongly disagree,Agree,Strongly agree,Agree,Disagree,Strongly Agree,NAST,Computer Science,Technical
11/06/2026 21:46:55,17,Female,11th,0-2 Hours,Disagree,Strongly disagree,Agree,Disagree,Disagree,Agree,Neutral,Strongly Agree,Agree,Agree,Agree,Neutral,Disagree,Neutral,Agree,Disagree,Disagree,Neutral,Agree,,Disagree,Disagree,Neutral,Disagree,Disagree,Disagree,Agree,,Disagree,Disagree,Disagree,Disagree,Disagree,Disagree,Disagree,Disagree,Agree,Panchodaya,General Management,Non-Technical
11/06/2026 21:49:03,18,Male,11th,2-4 Hours,Neutral,Strongly Agree,Strongly Agree,Agree,Strongly Agree,Strongly Agree,Strongly Agree,Strongly Agree,Strongly agree,Strongly Agree,Agree,Strongly Agree,Strongly Agree,Agree,Agree,Strongly agree,Strongly agree,Strongly agree,Strongly Agree,Agree,Strongly agree,Agree,Strongly Agree,Strongly Agree,Agree,Strongly agree,Agree,Disagree,Neutral,Strongly disagree,Disagree,Strongly disagree,Disagree,Neutral,Neutral,Strongly disagree,Strongly Agree,NAST,,Technical
11/06/2026 21:50:21,17,Male,11th,4-6 Hours,Neutral,Neutral,Agree,Strongly disagree,Neutral,Agree,Strongly Agree,Strongly Agree,Agree,Strongly Agree,Strongly agree,Strongly Agree,Agree,Agree,Neutral,Neutral,Strongly agree,Agree,Strongly Agree,Strongly agree,Strongly agree,Neutral,Strongly Agree,Strongly Agree,Agree,Agree,Neutral,Strongly disagree,Agree,Strongly disagree,Strongly Agree,Strongly disagree,Neutral,Disagree,Agree,Agree,Strongly disagree,NAST,Computer Science,Technical
11/06/2026 21:52:28,18,Male,11th,2-4 Hours,Disagree,Agree,Strongly Agree,Strongly Agree,Disagree,Strongly Agree,Strongly Agree,Agree,Strongly agree,Strongly Agree,Strongly agree,Strongly Agree,Neutral,Strongly agree,Strongly agree,Agree,Strongly agree,Strongly agree,Strongly Agree,Stongly disagree,Strongly disagree,Agree,Agree,Strongly Agree,Strongly Agree,Strongly agree,,Agree,Agree,Agree,Disagree,Disagree,Strongly Agree,Strongly agree,Strongly Agree,Strongly disagree,Strongly Agree,NAST,Computer Science,Technical
11/06/2026 21:54:27,17,Male,11th,More than 6 Hours,Disagree,Disagree,Agree,Strongly disagree,Agree,Agree,Agree,Agree,Agree,Agree,Disagree,Agree,Disagree,Agree,Agree,Disagree,Agree,Agree,Disagree,Agree,Agree,Strongly disagree,Disagree,Agree,Disagree,Agree,Agree,Strongly disagree,Strongly disagree,Disagree,Disagree,,Neutral,Disagree,Disagree,Neutral,Neutral,NAST,Computer Science,Technical
11/06/2026 21:57:30,17,Female,11th,0-2 Hours,,Disagree,Disagree,Agree,Disagree,Agree,Disagree,Disagree,Strongly disagree,Strongly Agree,Disagree,Agree,Disagree,Agree,Agree,Agree,Disagree,Agree,Agree,Disagree,Disagree,Disagree,Disagree,Agree,Disagree,Disagree,Disagree,Disagree,Disagree,Disagree,Agree,Agree,Agree,Strongly agree,Disagree,Agree,Disagree,Panchodaya,General Management,Non-Technical
11/06/2026 21:58:55,17,Female,11th,0-2 Hours,Disagree,Neutral,Agree,Agree,Neutral,Agree,Disagree,Neutral,Agree,Strongly Agree,Agree,Neutral,Neutral,Agree,Neutral,Disagree,Agree,Strongly agree,Strongly Agree,Disagree,Agree,Neutral,Neutral,Disagree,Neutral,Neutral,Neutral,Strongly Agree,Agree,Disagree,Agree,Strongly disagree,Disagree,Strongly disagree,Disagree,Disagree,Agree,Panchodaya,General Management,Non-Technical
11/06/2026 22:00:26,19,Male,11th,4-6 Hours,Neutral,Disagree,Neutral,Agree,Disagree,Disagree,Neutral,Disagree,Disagree,Neutral,Disagree,Neutral,,Disagree,Disagree,Neutral,Disagree,Disagree,Neutral,Disagree,Neutral,Strongly disagree,Disagree,Disagree,Disagree,Disagree,Disagree,Neutral,Disagree,Disagree,Disagree,Strongly disagree,Neutral,Strongly disagree,Disagree,Strongly disagree,Neutral,Panchodaya,General Management,Non-Technical
11/06/2026 22:01:55,17,Male,11th,2-4 Hours,Agree,Strongly Agree,Agree,Neutral,Agree,Agree,Agree,Disagree,Agree,Agree,Agree,Agree,Agree,,Agree,Disagree,Agree,Agree,Agree,Agree,Disagree,Agree,Agree,Agree,Agree,Disagree,Strongly Agree,Disagree,Agree,Agree,Disagree,Disagree,Disagree,Disagree,Disagree,Neutral,Agree,Panchodaya,General Management,Non-Technical
11/06/2026 22:03:32,16,Female,11th,2-4 Hours,Agree,Agree,Strongly Agree,Strongly disagree,Strongly disagree,Agree,Strongly Agree,Agree,Agree,Strongly Agree,Strongly agree,Strongly Agree,Neutral,Agree,Strongly agree,Strongly agree,Agree,Agree,Strongly Agree,,Agree,Neutral,Neutral,Agree,Agree,Disagree,Agree,Agree,Neutral,Disagree,Strongly disagree,Disagree,Strongly disagree,Strongly disagree,Disagree,Agree,Strongly Agree,Panchodaya,General Management,Non-Technical
11/06/2026 22:04:53,18,Male,11th,2-4 Hours,Agree,Strongly Agree,Agree,Neutral,Agree,Agree,Agree,Disagree,Agree,Agree,Neutral,Agree,Agree,Disagree,Agree,Disagree,Agree,Agree,Agree,Agree,Strongly agree,Neutral,Disagree,Agree,Neutral,Disagree,Strongly Agree,Agree,Agree,Agree,Neutral,Strongly disagree,Strongly Agree,Strongly agree,Strongly Agree,Strongly agree,Strongly Agree,Panchodaya,General Management,Non-Technical
11/06/2026 22:06:15,18,Male,11th,2-4 Hours,Agree,Neutral,Strongly Agree,Neutral,Neutral,Strongly Agree,Agree,Strongly disagree,Agree,Strongly disagree,Neutral,Agree,Agree,Disagree,Agree,Strongly disagree,Strongly agree,Agree,Neutral,Agree,Strongly disagree,Strongly disagree,Strongly disagree,Strongly disagree,Neutral,Neutral,Disagree,Agree,Disagree,Agree,Agree,Agree,Neutral,Disagree,Agree,Agree,Strongly Agree,Panchodaya,General Management,Non-Technical
11/06/2026 22:07:38,17,Male,11th,4-6 Hours,Agree,Agree,Agree,Disagree,Agree,Strongly Agree,Strongly Agree,Neutral,Strongly agree,Strongly Agree,Agree,Strongly Agree,Strongly disagree,Strongly disagree,Strongly agree,Agree,Strongly agree,Agree,Strongly Agree,Agree,Strongly disagree,Agree,Neutral,Agree,Strongly Agree,Strongly disagree,Disagree,Disagree,Strongly Agree,Agree,Strongly disagree,Strongly disagree,Strongly Agree,Neutral,Neutral,Neutral,Strongly Agree,Panchodaya,General Management,Non-Technical
11/06/2026 22:11:45,17,Male,11th,4-6 Hours,Disagree,Disagree,Disagree,Disagree,Disagree,Disagree,Strongly disagree,Strongly disagree,Disagree,Strongly Agree,Disagree,Disagree,Disagree,Strongly disagree,Disagree,Strongly disagree,Agree,Strongly agree,Agree,Disagree,Strongly disagree,Strongly disagree,Strongly disagree,Disagree,Disagree,Disagree,Strongly disagree,Disagree,Strongly disagree,Agree,Strongly disagree,Disagree,Strongly disagree,Strongly disagree,Disagree,Strongly disagree,Strongly disagree,Panchodaya,General Management,Non-Technical
11/06/2026 22:13:19,18,Female,11th,More than 6 Hours,Agree,Agree,Strongly Agree,Strongly disagree,Disagree,Agree,Strongly Agree,Agree,Strongly agree,Agree,Agree,Neutral,Strongly Agree,Agree,Agree,Agree,Agree,Strongly agree,Strongly Agree,Strongly agree,Agree,Agree,Neutral,Disagree,Agree,Neutral,Neutral,Strongly Agree,Agree,Disagree,Strongly Agree,Strongly disagree,Neutral,Strongly disagree,Disagree,Agree,Strongly Agree,Panchodaya,General Management,Non-Technical
11/06/2026 22:14:49,17,Male,11th,2-4 Hours,Neutral,Neutral,Neutral,Disagree,Disagree,Disagree,Disagree,Neutral,Strongly disagree,Strongly disagree,Disagree,Strongly disagree,Agree,Neutral,Disagree,Strongly disagree,Disagree,Neutral,Disagree,Neutral,Strongly disagree,Strongly disagree,Strongly disagree,Disagree,Neutral,Strongly disagree,Disagree,Disagree,Strongly disagree,Strongly disagree,Strongly Agree,Strongly disagree,Disagree,Strongly disagree,Strongly disagree,Disagree,Disagree,Panchodaya,General Management,Non-Technical
11/06/2026 22:16:13,16,Male,11th,4-6 Hours,Agree,Neutral,Neutral,Disagree,Neutral,Neutral,Disagree,Disagree,Agree,Agree,Disagree,Disagree,Neutral,Disagree,Disagree,Neutral,Disagree,Neutral,Agree,Disagree,Disagree,Neutral,Neutral,Agree,Disagree,Agree,Disagree,Disagree,Strongly disagree,Neutral,Disagree,Neutral,Neutral,Agree,Disagree,Agree,Strongly Agree,Panchodaya,General Management,Non-Technical
11/06/2026 22:17:25,16,Male,11th,More than 6 Hours,Strongly agree,Strongly Agree,Agree,Disagree,Agree,Agree,Disagree,Agree,Strongly agree,Strongly Agree,Agree,Disagree,Neutral,Strongly agree,Disagree,Strongly disagree,Disagree,Neutral,Disagree,Neutral,Strongly disagree,Strongly disagree,Strongly disagree,Disagree,Neutral,Strongly disagree,Disagree,Disagree,Strongly disagree,Strongly disagree,Strongly Agree,Strongly disagree,Disagree,Strongly disagree,Strongly disagree,Disagree,Strongly disagree,Panchodaya,General Management,Non-Technical
11/06/2026 22:18:50,17,Male,11th,0-2 Hours,Strongly disagree,Strongly disagree,Strongly disagree,Neutral,Strongly disagree,Strongly disagree,Strongly disagree,Strongly disagree,Strongly disagree,Agree,,Neutral,Agree,Neutral,Strongly disagree,Strongly disagree,Agree,Agree,Strongly disagree,Stongly disagree,Strongly disagree,Disagree,Agree,Agree,Agree,Disagree,Strongly disagree,Neutral,Disagree,Neutral,Neutral,Neutral,Neutral,Disagree,Strongly disagree,Neutral,Neutral,Panchodaya,General Management,Non-Technical
11/06/2026 22:20:15,17,Female,12th,0-2 Hours,Strongly disagree,Strongly disagree,Disagree,Disagree,Strongly disagree,Strongly disagree,Strongly disagree,Strongly disagree,Agree,Agree,Strongly disagree,Strongly disagree,Strongly disagree,Disagree,Agree,Strongly agree,Strongly agree,Strongly agree,Agree,Stongly disagree,Strongly disagree,Strongly disagree,Disagree,Strongly disagree,Strongly disagree,Strongly agree,Strongly disagree,Strongly disagree,Agree,Strongly disagree,Agree,Strongly disagree,Strongly disagree,Strongly disagree,Strongly disagree,Strongly disagree,Strongly Agree,Panchodaya,General Management,Non-Technical
11/06/2026 22:21:59,17,Male,11th,4-6 Hours,Agree,Agree,Strongly Agree,Disagree,Disagree,Strongly Agree,Strongly Agree,Disagree,Strongly agree,Strongly Agree,Strongly agree,Strongly Agree,Disagree,Agree,Strongly agree,Agree,Strongly agree,Strongly agree,Strongly Agree,Strongly agree,Strongly agree,Agree,,Agree,Strongly Agree,Agree,Agree,Strongly Agree,Strongly disagree,Strongly Agree,Neutral,Strongly disagree,Strongly disagree,Strongly disagree,Disagree,Disagree,Strongly Agree,Panchodaya,General Management,Non-Technical
11/06/2026 22:23:22,17,Male,11th,0-2 Hours,Strongly disagree,,Strongly disagree,Agree,Strongly disagree,Strongly disagree,Strongly disagree,Strongly disagree,Agree,Agree,Strongly disagree,Strongly disagree,Neutral,Strongly disagree,Agree,Strongly disagree,Strongly disagree,Agree,Strongly disagree,Agree,Strongly disagree,Agree,Strongly disagree,Strongly disagree,Agree,,Strongly disagree,Neutral,Disagree,Neutral,Neutral,Neutral,Neutral,Disagree,Agree,Agree,Agree,Panchodaya,General Management,Non-Technical
11/06/2026 22:24:47,16,Female,11th,0-2 Hours,Neutral,Neutral,Neutral,Neutral,Strongly Agree,Agree,Agree,Strongly Agree,Strongly agree,Strongly Agree,Strongly agree,Agree,Neutral,Agree,Strongly agree,Agree,Strongly agree,Strongly agree,Strongly Agree,Strongly agree,Strongly agree,Strongly Agree,Agree,Agree,Strongly Agree,Strongly agree,Neutral,Disagree,Strongly disagree,Strongly disagree,Strongly disagree,Strongly agree,Strongly Agree,Strongly agree,Strongly Agree,Strongly agree,Strongly Agree,Panchodaya,General Management,Non-Technical
11/06/2026 22:27:24,16,Male,11th,2-4 Hours,Neutral,Agree,Neutral,Strongly disagree,Strongly Agree,Neutral,Agree,Strongly Agree,Strongly agree,Strongly Agree,Strongly disagree,,Neutral,Strongly agree,Disagree,Strongly agree,Strongly agree,Strongly agree,Strongly Agree,Strongly agree,Strongly agree,Neutral,Strongly disagree,Neutral,Neutral,Strongly disagree,,Disagree,Strongly disagree,Strongly disagree,Strongly disagree,Strongly agree,Neutral,Strongly agree,Strongly Agree,Strongly disagree,Neutral,Panchodaya,General Management,Non-Technical
11/06/2026 22:28:44,18,Male,11th,2-4 Hours,Neutral,Agree,Strongly Agree,Strongly Agree,Neutral,Neutral,Agree,Strongly Agree,Strongly agree,Strongly Agree,Disagree,Disagree,Neutral,Neutral,Strongly agree,Disagree,Strongly agree,Strongly agree,Strongly Agree,Strongly agree,Strongly agree,Neutral,Strongly disagree,Neutral,Strongly disagree,Strongly disagree,Disagree,Disagree,Strongly disagree,Strongly disagree,Neutral,Disagree,Strongly Agree,Strongly disagree,Disagree,Disagree,Neutral,Panchodaya,General Management,Non-Technical
11/06/2026 22:30:06,17,Female,11th,2-4 Hours,Neutral,Neutral,Neutral,Neutral,Strongly Agree,Agree,Agree,Strongly Agree,Strongly agree,Strongly Agree,Strongly agree,Agree,Neutral,,Strongly agree,Agree,Strongly agree,Strongly agree,Strongly Agree,Strongly agree,Strongly agree,Strongly Agree,Agree,Agree,Strongly Agree,Strongly agree,Neutral,Neutral,Strongly Agree,Agree,Neutral,Strongly disagree,Disagree,Neutral,Agree,Strongly agree,Disagree,Panchodaya,General Management,Non-Technical
11/06/2026 22:31:18,16,Female,11th,2-4 Hours,Neutral,Neutral,,Neutral,Agree,Disagree,Strongly Agree,Neutral,Neutral,Neutral,Disagree,,Agree,Agree,Disagree,Agree,Neutral,Agree,Strongly Agree,Agree,Strongly agree,Strongly Agree,Disagree,Neutral,Neutral,Agree,Agree,Agree,Disagree,Disagree,Disagree,Disagree,Disagree,Agree,Disagree,Agree,Agree,Panchodaya,General Management,Non-Technical
11/06/2026 22:32:39,17,Female,11th,2-4 Hours,Agree,Neutral,Strongly Agree,Neutral,Agree,Disagree,Strongly Agree,Strongly disagree,Agree,Agree,Strongly agree,Agree,Neutral,Agree,Neutral,Agree,Strongly agree,Agree,Strongly Agree,Strongly agree,Strongly disagree,Strongly disagree,Neutral,Strongly disagree,Strongly disagree,,Agree,Strongly disagree,Strongly disagree,Disagree,Agree,Disagree,Agree,Disagree,Disagree,Agree,Agree,Panchodaya,General Management,Non-Technical
11/06/2026 22:34:04,17,Male,11th,2-4 Hours,Neutral,Strongly disagree,Agree,Disagree,Disagree,Agree,Strongly Agree,Strongly disagree,Agree,Agree,Agree,Agree,Disagree,Neutral,Strongly disagree,Disagree,Agree,Strongly disagree,Disagree,Stongly disagree,Agree,Disagree,Disagree,Agree,Agree,Strongly disagree,Neutral,Neutral,Disagree,Strongly disagree,Neutral,Strongly disagree,Disagree,Strongly disagree,Strongly disagree,Strongly disagree,Strongly Agree,Panchodaya,General Management,Non-Technical
11/06/2026 22:35:27,17,Female,11th,2-4 Hours,Agree,Agree,Strongly Agree,Neutral,Agree,Disagree,Strongly Agree,Strongly disagree,Agree,Agree,Strongly agree,Agree,Neutral,Neutral,Agree,Neutral,Agree,Strongly agree,Agree,Strongly agree,Strongly agree,Disagree,Disagree,Neutral,Disagree,Agree,Agree,Disagree,Disagree,Disagree,Agree,Disagree,Agree,Disagree,Disagree,Agree,Agree,Panchodaya,General Management,Non-Technical
11/06/2026 22:36:49,17,Female,11th,2-4 Hours,Agree,Agree,Neutral,Neutral,Neutral,Agree,Agree,Agree,Agree,Strongly Agree,Strongly agree,Agree,Agree,Agree,Agree,Agree,Agree,Agree,Strongly Agree,Agree,Disagree,Agree,Neutral,Neutral,Agree,Strongly agree,Disagree,Disagree,Disagree,Strongly disagree,Strongly disagree,Disagree,Disagree,Disagree,Agree,Strongly disagree,Agree,Panchodaya,General Management,Non-Technical
11/06/2026 22:38:08,17,Female,11th,4-6 Hours,Strongly agree,Agree,Strongly Agree,Strongly disagree,Neutral,Neutral,Agree,Strongly Agree,Agree,Strongly Agree,Strongly agree,Agree,Agree,Agree,Agree,Agree,Agree,Agree,Strongly Agree,Agree,Strongly agree,Neutral,Disagree,Agree,Neutral,Disagree,Agree,Agree,Disagree,Neutral,Disagree,Strongly disagree,Disagree,Neutral,Strongly disagree,Agree,Agree,Panchodaya,General Management,Non-Technical
11/06/2026 22:39:39,16,Female,11th,2-4 Hours,Neutral,Neutral,Neutral,Disagree,Disagree,Agree,Agree,Agree,Strongly agree,Strongly Agree,Strongly agree,Agree,Strongly disagree,Agree,Agree,Agree,Agree,Agree,Strongly Agree,Agree,Strongly agree,Agree,Neutral,Agree,Neutral,Disagree,Agree,Agree,Strongly disagree,Strongly disagree,Strongly disagree,Strongly disagree,Strongly disagree,Strongly disagree,Disagree,Disagree,Strongly Agree,Panchodaya,General Management,Non-Technical
11/06/2026 22:41:16,17,Female,11th,4-6 Hours,Neutral,Neutral,Neutral,Neutral,Neutral,Disagree,Disagree,Neutral,Neutral,Agree,Disagree,Disagree,Neutral,Disagree,Disagree,Disagree,Disagree,Neutral,Neutral,Strongly agree,Strongly agree,Strongly Agree,Disagree,Neutral,Strongly disagree,Strongly disagree,Agree,Disagree,Strongly disagree,Strongly disagree,Strongly disagree,Neutral,Disagree,Disagree,Strongly disagree,Strongly disagree,Strongly Agree,Panchodaya,General Management,Non-Technical
11/06/2026 22:49:13,16,Male,11th,0-2 Hours,Neutral,Neutral,Neutral,Neutral,Disagree,Strongly Agree,Agree,Agree,Neutral,Strongly Agree,Neutral,Agree,Strongly Agree,Agree,Strongly agree,Strongly agree,Neutral,Neutral,Strongly Agree,Disagree,Disagree,Disagree,Agree,Agree,Disagree,Disagree,Disagree,Disagree,Disagree,Disagree,Strongly Agree,Strongly agree,Disagree,Disagree,Disagree,Disagree,Disagree,NAST,Computer Science,Technical
11/06/2026 22:50:41,18,Male,11th,4-6 Hours,Agree,Agree,Agree,Agree,Agree,Disagree,Agree,Disagree,Neutral,Agree,Neutral,Agree,Disagree,Neutral,Agree,Disagree,Neutral,Neutral,Agree,Strongly agree,Strongly agree,Neutral,Neutral,Disagree,Neutral,Disagree,Agree,Disagree,Disagree,Disagree,Agree,Strongly disagree,Strongly disagree,Strongly disagree,Agree,Agree,Agree,NAST,Computer Science,Technical
11/06/2026 22:51:11,17,Female,11th,0-2 Hours,Disagree,Neutral,Agree,Disagree,Neutral,Strongly Agree,Strongly Agree,Strongly Agree,Strongly agree,Agree,Agree,Agree,Agree,Agree,Agree,Neutral,Agree,Agree,Agree,Agree,Agree,Neutral,Neutral,Agree,Agree,Agree,Agree,Agree,Disagree,Disagree,Neutral,Disagree,Agree,Disagree,Disagree,Neutral,Agree,NAST,Bio Science,Non-Technical
11/06/2026 22:52:54,17,Female,11th,2-4 Hours,Neutral,Agree,Strongly Agree,Strongly disagree,Neutral,Agree,Agree,Neutral,Neutral,Agree,Strongly agree,Agree,Neutral,Agree,Neutral,Neutral,Agree,Agree,Strongly Agree,Strongly agree,Agree,Agree,Neutral,Strongly Agree,Strongly Agree,Neutral,Strongly Agree,Strongly disagree,Strongly disagree,Strongly disagree,Strongly disagree,Strongly disagree,Agree,Strongly disagree,Agree,Agree,Strongly Agree,NAST,Computer Science,Technical
11/06/2026 22:54:50,17,Female,11th,2-4 Hours,Disagree,Agree,Strongly Agree,Agree,Neutral,Strongly Agree,Agree,Agree,Agree,Strongly Agree,Neutral,Agree,Neutral,Agree,Agree,Neutral,Agree,Agree,Strongly Agree,Agree,Strongly agree,Agree,Strongly Agree,Agree,Agree,Agree,Strongly disagree,Agree,Strongly disagree,Strongly disagree,Strongly disagree,Disagree,Disagree,Disagree,Disagree,Disagree,Strongly Agree,NAST,Computer Science,Technical
11/06/2026 22:56:55,18,Female,11th,2-4 Hours,Neutral,Disagree,Agree,Neutral,Neutral,Disagree,Neutral,Disagree,Agree,Agree,Neutral,Disagree,Neutral,Disagree,Disagree,Strongly disagree,Disagree,Neutral,Agree,Neutral,Disagree,Disagree,Disagree,Disagree,Neutral,Disagree,Disagree,Strongly disagree,Disagree,Strongly disagree,Strongly disagree,Strongly disagree,Neutral,Strongly disagree,Disagree,Strongly disagree,Disagree,Panchodaya,General Management,Non-Technical
11/06/2026 22:57:09,17,Female,11th,0-2 Hours,Neutral,Agree,Strongly Agree,Disagree,Disagree,Neutral,Agree,Agree,Agree,Strongly Agree,Strongly agree,Agree,Agree,Strongly agree,Agree,Disagree,Agree,Neutral,Agree,Neutral,Agree,Disagree,Strongly Agree,Agree,Disagree,Strongly agree,Agree,Agree,Agree,Neutral,Strongly Agree,Strongly disagree,Agree,Agree,Neutral,Strongly agree,Disagree,NAST,General Management,Non-Technical
11/06/2026 22:58:10,17,Female,11th,2-4 Hours,Agree,Agree,Agree,Disagree,Disagree,,Agree,Agree,Agree,,Agree,Agree,Agree,Disagree,Agree,Disagree,Agree,Agree,Agree,Agree,Agree,Disagree,Disagree,Agree,Agree,Disagree,Agree,Agree,Disagree,Disagree,Disagree,Disagree,Agree,Disagree,Disagree,Disagree,Strongly Agree,NAST,Bio Science,Non-Technical
11/06/2026 22:58:34,16,Male,11th,2-4 Hours,Agree,Agree,Agree,Strongly disagree,Strongly disagree,Agree,Agree,Agree,Agree,Agree,Strongly agree,Agree,Strongly Agree,Strongly agree,Agree,Strongly disagree,Strongly agree,Agree,Strongly Agree,Agree,Strongly agree,Strongly Agree,Agree,Disagree,Agree,Agree,Agree,Neutral,Agree,Disagree,Neutral,Neutral,Agree,Disagree,Agree,Disagree,Strongly Agree,Panchodaya,Computer Science,Non-Technical
11/06/2026 23:00:01,18,Male,11th,More than 6 Hours,Agree,Neutral,Strongly Agree,Disagree,Neutral,Agree,Agree,Neutral,Neutral,Strongly Agree,Strongly agree,Agree,Strongly disagree,Agree,Disagree,Strongly disagree,Agree,Agree,Strongly Agree,Neutral,Strongly agree,Strongly Agree,Agree,Agree,Neutral,Strongly disagree,Agree,Neutral,Strongly Agree,Neutral,Agree,Strongly disagree,Strongly Agree,Neutral,Agree,Agree,Strongly Agree,Panchodaya,General Management,Non-Technical
11/06/2026 23:01:09,18,Male,11th,2-4 Hours,Neutral,Disagree,Disagree,Disagree,Neutral,Disagree,Neutral,Disagree,Strongly disagree,Agree,Neutral,Agree,Neutral,Agree,Disagree,Disagree,Neutral,Disagree,Neutral,Neutral,Agree,Disagree,Neutral,Neutral,Disagree,Disagree,Neutral,Disagree,Agree,Agree,Agree,Strongly disagree,Neutral,Agree,Neutral,Agree,Strongly Agree,NAST,General Management,Non-Technical
11/06/2026 23:01:40,18,Male,11th,More than 6 Hours,Agree,Agree,Strongly Agree,Neutral,Neutral,Disagree,Agree,Disagree,Agree,Strongly Agree,Agree,Agree,Disagree,Strongly disagree,Agree,Disagree,Agree,Agree,Agree,Disagree,Agree,Agree,Disagree,Agree,Disagree,Disagree,Disagree,,Disagree,Disagree,Disagree,Disagree,Disagree,Disagree,Agree,Disagree,Agree,Panchodaya,General Management,Non-Technical
11/06/2026 23:03:02,19,Male,11th,4-6 Hours,Neutral,Strongly disagree,Neutral,Neutral,Disagree,Agree,Strongly Agree,Strongly Agree,Strongly agree,Strongly Agree,Agree,Strongly Agree,Disagree,Strongly agree,Strongly agree,Agree,Strongly agree,Strongly agree,Agree,Agree,Agree,Neutral,Strongly Agree,Strongly Agree,Neutral,Disagree,Strongly disagree,Agree,Agree,Disagree,Strongly disagree,Strongly disagree,Disagree,,Strongly Agree,Neutral,Strongly Agree,Panchodaya,General Management,Non-Technical
11/06/2026 23:03:50,17,Male,11th,4-6 Hours,Agree,Agree,Agree,Agree,Neutral,Agree,Agree,Agree,Neutral,Agree,Agree,Neutral,Agree,Neutral,Neutral,Agree,Agree,Agree,Agree,Agree,Agree,Neutral,Neutral,Agree,Agree,Agree,Agree,Agree,Neutral,Disagree,Neutral,Agree,Agree,Disagree,Disagree,Neutral,Agree,NAST,Bio Science,Non-Technical
11/06/2026 23:03:54,17,Male,11th,More than 6 Hours,Disagree,Agree,Agree,Disagree,Disagree,Agree,Agree,Agree,Agree,Strongly Agree,Strongly disagree,Strongly disagree,Agree,Agree,Strongly agree,Agree,Strongly agree,Strongly agree,Agree,Agree,Agree,Neutral,Neutral,Agree,Neutral,Strongly disagree,Agree,Agree,Strongly Agree,Neutral,Agree,Strongly agree,Agree,Neutral,Agree,Strongly disagree,Strongly Agree,NAST,General Management,Non-Technical
11/06/2026 23:04:19,18,Male,11th,More than 6 Hours,Agree,Agree,Strongly Agree,Strongly disagree,Neutral,Strongly Agree,Agree,Agree,Strongly agree,Strongly Agree,Disagree,Strongly Agree,Agree,Strongly agree,Agree,Agree,Agree,Agree,Strongly Agree,Agree,Agree,Agree,Agree,Agree,Agree,Agree,Agree,Agree,Agree,Agree,Agree,Neutral,Neutral,Agree,Agree,Agree,Agree,Panchodaya,General Management,Non-Technical
11/06/2026 23:05:37,18,Female,11th,2-4 Hours,Agree,Agree,Agree,Disagree,Disagree,Disagree,Disagree,Strongly Agree,Agree,Agree,Agree,Agree,Agree,Agree,Agree,Disagree,Disagree,Agree,Agree,Agree,Agree,Disagree,Disagree,Disagree,Agree,,Agree,Agree,Disagree,Disagree,Agree,Strongly disagree,Strongly disagree,Strongly disagree,Strongly Agree,Strongly disagree,Strongly Agree,Panchodaya,General Management,Non-Technical
11/06/2026 23:06:12,18,Male,11th,2-4 Hours,Neutral,Neutral,Agree,Disagree,Agree,Agree,Agree,Agree,Neutral,Agree,Agree,Agree,Neutral,Agree,Neutral,Disagree,Neutral,Agree,Neutral,Agree,Agree,Neutral,Neutral,Agree,Agree,Disagree,Agree,Disagree,Disagree,Agree,Neutral,Disagree,Agree,Disagree,Agree,Agree,Agree,NAST,General Management,Non-Technical
11/06/2026 23:06:54,17,Male,11th,2-4 Hours,Agree,Disagree,Agree,Neutral,Agree,Agree,Neutral,Agree,Agree,Agree,Agree,Agree,Agree,,Agree,Agree,Agree,Agree,Agree,Neutral,Agree,Agree,Agree,Neutral,Neutral,Neutral,Agree,Agree,Neutral,Neutral,Agree,Neutral,Agree,Agree,Agree,Neutral,Agree,Panchodaya,General Management,Non-Technical
11/06/2026 23:08:18,16,Female,11th,0-2 Hours,Neutral,Neutral,Neutral,Disagree,Neutral,Agree,Strongly Agree,Agree,Strongly disagree,Strongly disagree,Strongly disagree,Disagree,Strongly Agree,Agree,Disagree,Disagree,Agree,Agree,Strongly Agree,Strongly agree,Strongly agree,Agree,Agree,Agree,Strongly Agree,Disagree,Agree,Agree,Disagree,Disagree,Disagree,Neutral,Neutral,Agree,Neutral,Agree,Neutral,Panchodaya,General Management,Non-Technical
11/06/2026 23:08:39,17,Female,11th,0-2 Hours,Disagree,Neutral,Strongly Agree,Disagree,Strongly disagree,Neutral,Strongly Agree,Strongly Agree,Strongly agree,Strongly Agree,Strongly agree,Strongly Agree,Neutral,Strongly agree,Strongly agree,Neutral,Strongly agree,Strongly agree,Strongly Agree,Strongly agree,Strongly agree,Agree,Agree,Neutral,Strongly Agree,Strongly agree,Strongly Agree,Strongly disagree,Strongly disagree,Strongly disagree,Strongly disagree,Strongly disagree,Strongly disagree,Neutral,Neutral,Disagree,Strongly Agree,NAST,General Management,Non-Technical
11/06/2026 23:10:04,16,Female,11th,4-6 Hours,Agree,Agree,Agree,Disagree,Disagree,Disagree,Agree,Disagree,Agree,Agree,Agree,Agree,Agree,Agree,Agree,Disagree,Disagree,Agree,Agree,Agree,Disagree,Disagree,Disagree,Agree,Agree,Agree,Agree,Disagree,Disagree,Strongly disagree,Strongly Agree,Strongly disagree,Strongly disagree,Strongly disagree,Strongly disagree,Strongly agree,Strongly Agree,Panchodaya,General Management,Non-Technical
11/06/2026 23:10:30,18,Male,11th,0-2 Hours,Strongly agree,Strongly Agree,Strongly Agree,Agree,Agree,Strongly Agree,Strongly Agree,Strongly Agree,Agree,Strongly Agree,Strongly agree,Agree,Agree,Strongly agree,Agree,Agree,Strongly agree,Strongly agree,Strongly Agree,Strongly agree,Strongly agree,Strongly Agree,Strongly Agree,Strongly Agree,Strongly Agree,Strongly agree,Strongly Agree,Strongly Agree,Disagree,Disagree,Disagree,Strongly disagree,Strongly Agree,Strongly agree,Strongly Agree,Strongly agree,Strongly Agree,NAST,General Management,Non-Technical
11/06/2026 23:10:45,17,Male,11th,More than 6 Hours,Agree,Agree,Strongly Agree,Neutral,Neutral,Agree,Agree,Agree,Agree,Strongly Agree,Strongly agree,Strongly Agree,Agree,Strongly agree,Strongly agree,Agree,Strongly agree,Strongly agree,Strongly Agree,Agree,,Strongly Agree,Strongly Agree,Strongly Agree,Strongly Agree,Agree,Agree,Strongly Agree,Strongly disagree,Strongly disagree,Disagree,Strongly disagree,Neutral,Disagree,Neutral,Neutral,Strongly Agree,NAST,Bio Science,Non-Technical
11/06/2026 23:11:29,17,Male,11th,4-6 Hours,Agree,Strongly disagree,Neutral,Disagree,Neutral,Strongly Agree,Strongly disagree,Neutral,Agree,Strongly disagree,Neutral,Disagree,Disagree,Disagree,Strongly agree,Strongly disagree,Strongly agree,Strongly disagree,Disagree,Strongly agree,Disagree,Agree,,Strongly disagree,Strongly Agree,Neutral,Disagree,Strongly Agree,Disagree,Neutral,Strongly disagree,Agree,Disagree,Disagree,Strongly disagree,Neutral,Disagree,Panchodaya,General Management,Non-Technical
11/06/2026 23:13:05,17,Female,11th,2-4 Hours,Neutral,Agree,Strongly Agree,Disagree,Disagree,Neutral,Agree,Agree,Agree,Strongly Agree,Agree,Agree,Neutral,Neutral,Agree,Neutral,Neutral,Agree,Strongly Agree,Agree,Neutral,Agree,Neutral,Neutral,Neutral,Disagree,Agree,Agree,Disagree,Disagree,Agree,Disagree,Agree,Neutral,Neutral,Agree,Strongly Agree,NAST,General Management,Non-Technical
11/06/2026 23:13:31,19,Male,11th,More than 6 Hours,Agree,Neutral,Agree,Neutral,Neutral,Agree,Neutral,,Agree,Agree,,Agree,Neutral,Disagree,Disagree,Agree,Neutral,Agree,Agree,Agree,Neutral,Agree,Agree,Agree,Neutral,Neutral,Strongly disagree,Neutral,Strongly disagree,Strongly disagree,Neutral,Strongly disagree,Strongly disagree,Disagree,Neutral,Agree,Strongly Agree,Panchodaya,General Management,Non-Technical
11/06/2026 23:14:54,16,Male,11th,2-4 Hours,Agree,Neutral,Strongly Agree,Agree,Agree,Agree,Agree,Neutral,Agree,Strongly Agree,Agree,Neutral,Neutral,Neutral,Agree,Neutral,Strongly agree,Strongly agree,Strongly Agree,Strongly agree,Agree,Neutral,Agree,Agree,Agree,Neutral,Neutral,Agree,Disagree,Disagree,Disagree,Strongly disagree,Neutral,Agree,Neutral,Neutral,Agree,Panchodaya,General Management,Non-Technical
11/06/2026 23:16:21,17,Female,11th,2-4 Hours,Neutral,Disagree,Agree,Neutral,Neutral,Disagree,Neutral,Disagree,Agree,Agree,Disagree,Agree,Neutral,Disagree,Disagree,Strongly disagree,Disagree,Neutral,Agree,Disagree,Neutral,Disagree,Disagree,Disagree,Neutral,Disagree,Disagree,Strongly disagree,Disagree,Strongly disagree,Strongly disagree,Strongly disagree,Neutral,Strongly disagree,Disagree,Strongly disagree,Disagree,Panchodaya,General Management,Non-Technical
11/06/2026 23:16:35,16,Female,11th,0-2 Hours,Disagree,Disagree,Strongly Agree,Disagree,Neutral,Agree,Strongly Agree,Agree,Agree,Agree,Agree,Agree,Disagree,Agree,Agree,Agree,Agree,Agree,Strongly Agree,Strongly agree,Strongly agree,Disagree,,Agree,Strongly Agree,Disagree,Agree,Agree,Disagree,Disagree,Disagree,Disagree,Disagree,Disagree,Agree,Strongly disagree,Agree,NAST,Bio Science,Technical
11/06/2026 23:18:18,17,Male,11th,More than 6 Hours,Strongly agree,Strongly Agree,Agree,Neutral,Neutral,Agree,Agree,Agree,Neutral,Agree,Agree,Agree,Neutral,Agree,Neutral,Neutral,Neutral,Neutral,Agree,Neutral,Agree,Agree,Agree,Agree,Neutral,Neutral,Neutral,Agree,Agree,Neutral,Agree,Disagree,Disagree,Agree,Disagree,Neutral,Agree,NAST,General Management,Non-Technical
11/06/2026 23:20:49,17,Male,11th,2-4 Hours,Neutral,Strongly Agree,Agree,Agree,Neutral,Agree,Agree,Disagree,Agree,Agree,Agree,Agree,Disagree,Disagree,Agree,Disagree,Agree,Agree,Agree,Agree,Agree,Disagree,Disagree,Disagree,Disagree,Agree,Neutral,Agree,Disagree,Disagree,Disagree,Disagree,Agree,Agree,Disagree,Disagree,Agree,NAST,General Management,Non-Technical
11/06/2026 23:20:58,18,Female,11th,4-6 Hours,Agree,Agree,Agree,Disagree,Neutral,Agree,Agree,Agree,Agree,Agree,Agree,Agree,Neutral,Neutral,Agree,Disagree,Agree,Agree,Agree,Agree,Agree,Agree,Disagree,Disagree,Agree,Agree,Agree,Agree,Disagree,Disagree,Disagree,Disagree,Agree,Strongly disagree,Disagree,Agree,Agree,NAST,Bio Science,Non-Technical
11/06/2026 23:23:00,17,Male,11th,0-2 Hours,Agree,Agree,Agree,Agree,Agree,Neutral,Agree,Agree,Strongly agree,Strongly Agree,Strongly agree,Agree,Strongly disagree,Neutral,Agree,Agree,Strongly agree,Strongly agree,Strongly Agree,Strongly agree,Neutral,Agree,Neutral,Neutral,Agree,Strongly agree,Agree,Agree,Strongly Agree,Agree,Strongly Agree,Agree,Strongly Agree,Agree,Strongly Agree,Agree,Strongly Agree,NAST,General Management,Non-Technical
11/06/2026 23:25:09,17,Female,11th,4-6 Hours,Agree,Agree,Agree,Strongly Agree,Disagree,Agree,Agree,Strongly Agree,Agree,Agree,Neutral,Agree,Agree,Agree,Agree,Agree,Agree,Agree,Neutral,Agree,Agree,Neutral,Agree,Agree,Agree,Disagree,Agree,Agree,Agree,Disagree,Agree,Agree,Neutral,Agree,Agree,Agree,Agree,NAST,Bio Science,Non-Technical
11/06/2026 23:26:39,16,Male,11th,0-2 Hours,Neutral,Agree,Agree,Strongly disagree,Disagree,Agree,Strongly Agree,Agree,Neutral,Strongly Agree,Agree,Agree,Neutral,Neutral,Agree,Neutral,Agree,Agree,Agree,Strongly agree,Strongly agree,Disagree,Disagree,Disagree,Neutral,Disagree,Neutral,Agree,Agree,Disagree,Agree,Disagree,Neutral,Disagree,Disagree,Disagree,Strongly Agree,NAST,General Management,Non-Technical
11/06/2026 23:29:43,18,Male,11th,2-4 Hours,Disagree,Agree,Agree,Disagree,Agree,Agree,Neutral,Agree,Disagree,Disagree,Disagree,Agree,Agree,Agree,Strongly agree,Strongly disagree,Agree,Disagree,Strongly Agree,Disagree,Strongly disagree,Agree,Disagree,Strongly disagree,Disagree,Strongly disagree,Disagree,Neutral,Disagree,Disagree,Agree,Agree,Disagree,Strongly disagree,Neutral,Strongly disagree,Strongly Agree,NAST,Bio Science,Non-Technical
11/06/2026 23:29:52,18,Male,11th,More than 6 Hours,Agree,Agree,Agree,Disagree,Disagree,Agree,Disagree,Disagree,Agree,Agree,Agree,Agree,Disagree,Agree,Agree,Agree,Agree,Strongly agree,Strongly Agree,Disagree,Strongly agree,Strongly disagree,Strongly disagree,Agree,Agree,Agree,Agree,Agree,Strongly disagree,Agree,Strongly disagree,Strongly disagree,Agree,Strongly disagree,Agree,Strongly disagree,Agree,NAST,General Management,Non-Technical
11/06/2026 23:33:54,18,Male,11th,4-6 Hours,Agree,Agree,Agree,Agree,Disagree,Agree,Agree,Agree,Agree,Strongly Agree,Strongly agree,Strongly Agree,Neutral,Agree,Agree,Neutral,Agree,Neutral,Agree,Agree,Strongly agree,Strongly Agree,Strongly Agree,Strongly Agree,Agree,Agree,Agree,Strongly Agree,Neutral,Agree,Strongly Agree,Neutral,Agree,Agree,Strongly Agree,Strongly agree,Strongly Agree,NAST,Computer Science,Technical
11/06/2026 23:33:55,18,Male,11th,2-4 Hours,Neutral,Disagree,Agree,Agree,Disagree,Agree,Agree,Agree,Agree,Agree,Agree,Agree,Agree,Agree,Agree,Agree,Agree,Agree,Agree,Agree,Agree,Neutral,Neutral,Disagree,Disagree,Agree,Disagree,Disagree,Disagree,Disagree,Agree,Disagree,Agree,Agree,Agree,Disagree,Strongly Agree,NAST,General Management,Non-Technical
11/06/2026 23:34:09,17,Female,11th,4-6 Hours,Strongly agree,Agree,Strongly disagree,Agree,Disagree,Agree,Strongly Agree,Strongly Agree,Agree,Strongly Agree,Agree,Agree,Agree,Strongly agree,Agree,Neutral,Strongly agree,Strongly agree,Strongly Agree,Strongly agree,Strongly agree,Agree,Strongly Agree,Strongly Agree,Agree,Agree,Strongly Agree,,Strongly disagree,Strongly disagree,Strongly disagree,Strongly disagree,Disagree,Strongly disagree,Neutral,Neutral,Strongly Agree,NAST,Bio Science,Non-Technical
11/06/2026 23:35:19,17,Male,11th,More than 6 Hours,Strongly agree,Strongly Agree,Strongly Agree,Neutral,Neutral,Agree,Agree,Neutral,Neutral,Strongly Agree,Agree,Agree,Disagree,Strongly agree,Agree,Neutral,Strongly agree,Strongly agree,Strongly Agree,Neutral,Strongly agree,Strongly Agree,Strongly Agree,Neutral,Agree,Neutral,Agree,Agree,Neutral,Strongly disagree,Disagree,Agree,Strongly disagree,Neutral,Disagree,Agree,Disagree,NAST,Computer Science,Technical
11/06/2026 23:36:35,19,Female,11th,2-4 Hours,Agree,Agree,Agree,Disagree,Disagree,Agree,Agree,Agree,Agree,Agree,Agree,Agree,Agree,Agree,Agree,Disagree,Agree,Agree,Agree,Agree,Agree,Agree,Agree,Agree,Agree,Agree,Agree,Disagree,Disagree,Strongly disagree,Disagree,Disagree,Disagree,Disagree,Agree,Disagree,Agree,NAST,General Management,Non-Technical
11/06/2026 23:36:56,18,Male,11th,2-4 Hours,Agree,Agree,Agree,Disagree,Disagree,Agree,Agree,Agree,Neutral,Agree,Disagree,Agree,Neutral,Agree,Agree,Neutral,Agree,Agree,Agree,Strongly agree,Strongly agree,Agree,Strongly Agree,Strongly Agree,Agree,Agree,Neutral,Agree,Agree,Disagree,Agree,Strongly disagree,Disagree,Disagree,Agree,Agree,Agree,NAST,Computer Science,Technical
11/06/2026 23:38:22,17,Female,11th,4-6 Hours,Strongly agree,,Strongly Agree,Agree,Disagree,Agree,Strongly Agree,Agree,Agree,Strongly Agree,Agree,Strongly Agree,Agree,Strongly agree,Strongly agree,Neutral,Agree,Strongly agree,Strongly Agree,Strongly agree,Strongly agree,Disagree,Agree,Agree,Strongly Agree,Agree,Strongly Agree,Disagree,Disagree,Strongly disagree,Disagree,Disagree,Disagree,Disagree,Neutral,Neutral,Strongly Agree,NAST,Bio Science,Non-Technical
11/06/2026 23:38:39,19,Male,11th,4-6 Hours,Agree,Agree,Neutral,Strongly disagree,Agree,Strongly Agree,Strongly Agree,Strongly Agree,Agree,Strongly Agree,Neutral,Strongly Agree,Strongly Agree,Strongly agree,Strongly agree,Strongly agree,Agree,Strongly agree,Strongly Agree,Strongly agree,Strongly agree,Agree,Strongly Agree,Strongly Agree,Neutral,Strongly agree,Neutral,Neutral,Agree,Disagree,Neutral,Agree,Agree,Agree,Disagree,Strongly agree,Strongly Agree,NAST,Computer Science,Technical
11/06/2026 23:39:21,17,Female,11th,2-4 Hours,Disagree,Agree,Agree,Disagree,Disagree,Agree,Agree,Agree,Agree,Agree,Agree,Agree,Agree,Agree,Agree,Disagree,Agree,Agree,Agree,Neutral,Agree,Neutral,Neutral,Neutral,Agree,Agree,Agree,Agree,Neutral,Agree,Neutral,Disagree,Neutral,Neutral,Neutral,Disagree,Agree,NAST,General Management,Non-Technical
11/06/2026 23:41:47,17,Male,11th,2-4 Hours,Neutral,Agree,Agree,Disagree,Neutral,Neutral,Agree,Agree,Agree,Agree,Agree,Strongly Agree,Agree,Agree,Agree,Agree,Agree,Agree,Agree,Agree,Agree,Neutral,Agree,Agree,Neutral,Neutral,Neutral,Neutral,Disagree,Neutral,Neutral,Strongly disagree,Neutral,Agree,Neutral,Agree,Agree,NAST,General Management,Non-Technical
11/06/2026 23:41:56,17,Male,11th,4-6 Hours,Agree,Agree,Agree,Disagree,Disagree,Agree,Strongly Agree,Strongly Agree,Strongly agree,Agree,Strongly agree,Agree,Neutral,Disagree,Strongly agree,Agree,Agree,Agree,Agree,Strongly agree,Disagree,Strongly disagree,Agree,Disagree,Neutral,Strongly agree,Neutral,Strongly Agree,Neutral,Strongly disagree,Neutral,Disagree,Disagree,Disagree,Neutral,Neutral,Strongly Agree,NAST,Bio Science,Non-Technical
11/06/2026 23:43:59,17,Female,11th,2-4 Hours,Disagree,Disagree,Agree,Disagree,Disagree,Agree,Agree,Agree,Agree,Agree,Agree,Neutral,Neutral,Agree,Agree,Disagree,Disagree,Agree,Agree,Agree,Agree,Agree,Agree,Agree,Agree,Agree,Agree,Disagree,Disagree,Disagree,Strongly disagree,Strongly agree,Disagree,Disagree,Agree,Agree,Strongly Agree,NAST,General Management,Non-Technical
11/06/2026 23:46:02,17,Female,11th,2-4 Hours,Neutral,Agree,Strongly Agree,Strongly Agree,Agree,Agree,Agree,Agree,Agree,Agree,Agree,Neutral,Neutral,Agree,Agree,Agree,Strongly agree,Strongly agree,Strongly Agree,Strongly agree,Strongly agree,Agree,Agree,Strongly Agree,Agree,Agree,Agree,Agree,Disagree,Disagree,Strongly disagree,Strongly disagree,Agree,Neutral,Agree,Agree,Strongly Agree,NAST,Bio Science,Non-Technical
11/06/2026 23:46:15,18,Male,11th,2-4 Hours,Neutral,Agree,Agree,Neutral,Strongly Agree,Strongly Agree,Agree,Agree,Agree,Strongly Agree,Strongly agree,Agree,Neutral,Agree,Agree,Strongly agree,Strongly agree,Agree,Strongly Agree,Agree,Strongly agree,Agree,Agree,Strongly Agree,Agree,Agree,Strongly Agree,Agree,Agree,Disagree,Disagree,Disagree,Disagree,Strongly disagree,Agree,Neutral,Agree,NAST,General Management,Non-Technical
11/06/2026 23:48:07,17,Male,11th,4-6 Hours,Agree,Agree,Agree,Neutral,Disagree,Agree,Agree,Agree,Neutral,Strongly Agree,Disagree,Strongly Agree,Agree,Agree,Agree,Agree,Agree,Agree,Agree,Agree,Agree,Agree,Agree,Agree,Agree,Agree,Agree,Agree,Agree,Agree,Agree,Agree,Agree,Agree,Agree,Agree,Agree,NAST,General Management,Non-Technical
11/06/2026 23:49:28,16,Female,11th,4-6 Hours,Strongly agree,Disagree,Agree,Strongly Agree,Agree,Strongly Agree,Strongly Agree,Strongly Agree,Strongly agree,Strongly Agree,Strongly agree,Agree,Agree,Strongly agree,Strongly agree,Neutral,Agree,Strongly agree,Strongly Agree,Strongly agree,Strongly agree,Agree,Agree,Strongly Agree,Agree,Neutral,Agree,Agree,Agree,Strongly disagree,Agree,Strongly disagree,Neutral,Disagree,Agree,Strongly agree,Strongly Agree,NAST,Bio Science,Non-Technical
11/06/2026 23:52:20,17,Female,11th,0-2 Hours,Neutral,Agree,Agree,Disagree,Disagree,Agree,Agree,Agree,Agree,Strongly Agree,Agree,Agree,Neutral,Neutral,Agree,Disagree,Agree,Neutral,Agree,Agree,Neutral,Disagree,Neutral,Disagree,Neutral,Disagree,Agree,Agree,Agree,Agree,Agree,Strongly disagree,Neutral,Neutral,Disagree,Agree,Strongly Agree,NAST,Bio Science,Non-Technical
11/06/2026 23:55:10,17,Female,11th,2-4 Hours,Agree,Neutral,Agree,Agree,Neutral,Agree,Strongly Agree,Strongly Agree,Strongly agree,Strongly Agree,Neutral,Neutral,Neutral,Strongly agree,Strongly agree,Neutral,Agree,Agree,Strongly Agree,Neutral,Strongly agree,Agree,Strongly Agree,Agree,Agree,Neutral,Strongly Agree,Agree,Agree,Agree,Neutral,Strongly disagree,Disagree,Agree,Agree,Strongly agree,Strongly Agree,NAST,Bio Science,Non-Technical
11/06/2026 23:58:02,18,Male,11th,2-4 Hours,Neutral,Disagree,Agree,Disagree,Disagree,Agree,Agree,Agree,Agree,Agree,Agree,Agree,Agree,Agree,Agree,Agree,Agree,Agree,Agree,Agree,Agree,Disagree,Agree,Agree,Agree,Agree,Agree,Agree,Agree,Disagree,Disagree,Disagree,Disagree,Disagree,Agree,Neutral,Agree,NAST,Bio Science,Non-Technical
12/06/2026 00:01:50,16,Female,11th,2-4 Hours,Neutral,Agree,Agree,Agree,Neutral,,Agree,Strongly Agree,Neutral,Strongly Agree,Strongly agree,Neutral,Neutral,Agree,Agree,Disagree,Agree,Agree,Strongly Agree,Agree,Strongly agree,Agree,,Strongly Agree,Strongly Agree,Disagree,Disagree,Strongly disagree,Strongly disagree,Strongly disagree,Strongly disagree,Disagree,Neutral,Agree,Agree,Agree,Agree,NAST,Bio Science,Non-Technical
12/06/2026 00:05:58,18,Female,11th,4-6 Hours,Strongly agree,Strongly Agree,Strongly Agree,Agree,Neutral,Agree,Agree,Agree,Agree,Agree,Agree,Agree,Neutral,Agree,Agree,Neutral,Agree,Agree,Neutral,Neutral,Agree,Disagree,Neutral,Agree,Neutral,Neutral,Agree,Neutral,Agree,Agree,Agree,Disagree,Neutral,Disagree,Agree,Agree,Agree,NAST,Bio Science,Non-Technical
12/06/2026 00:08:36,17,Male,11th,4-6 Hours,Agree,Agree,Agree,Disagree,Disagree,Agree,Agree,Agree,Agree,Agree,Agree,Neutral,Agree,Agree,Agree,Agree,Agree,Agree,Agree,Agree,Agree,Strongly Agree,Strongly Agree,Strongly Agree,Strongly Agree,Neutral,Neutral,Agree,Disagree,Agree,Disagree,Strongly disagree,Strongly Agree,Strongly agree,Strongly Agree,Strongly agree,Strongly Agree,NAST,Bio Science,Non-Technical
12/06/2026 15:33:55,18,Male,11th,0-2 Hours,Disagree,Agree,Strongly Agree,Agree,Agree,Strongly Agree,Agree,Agree,Agree,Strongly Agree,Strongly agree,Strongly Agree,Disagree,Agree,Strongly agree,Agree,Strongly agree,Strongly agree,Strongly Agree,Strongly agree,Strongly agree,Agree,,Agree,Strongly Agree,Disagree,Strongly Agree,Strongly Agree,Strongly Agree,,Agree,Strongly disagree,Strongly disagree,Strongly agree,Strongly Agree,Strongly agree,Strongly Agree,AVN,General Management,Non-Technical
12/06/2026 15:38:23,17,Female,11th,4-6 Hours,Neutral,Agree,Strongly Agree,Disagree,Strongly disagree,Strongly disagree,Neutral,Neutral,Disagree,Strongly disagree,Disagree,Strongly Agree,Disagree,Strongly disagree,Strongly agree,Agree,Strongly disagree,Neutral,Strongly disagree,Agree,Strongly disagree,Strongly disagree,Strongly disagree,Disagree,Strongly disagree,Strongly disagree,Neutral,Neutral,Neutral,Disagree,Strongly Agree,Agree,Neutral,Strongly disagree,Agree,Neutral,Agree,AVN,General Management,Non-Technical
12/06/2026 15:42:33,16,Female,11th,2-4 Hours,Neutral,Agree,Agree,Neutral,Neutral,Agree,Strongly disagree,Disagree,Strongly disagree,Disagree,Strongly agree,Agree,Disagree,Disagree,,Strongly agree,Agree,Neutral,Strongly Agree,Strongly agree,Agree,Disagree,Strongly Agree,Strongly disagree,Agree,Agree,Strongly Agree,Agree,Strongly Agree,Neutral,Agree,Neutral,Agree,Strongly agree,Neutral,Neutral,Neutral,AVN,General Management,Non-Technical
12/06/2026 15:46:04,16,Female,11th,0-2 Hours,Neutral,Agree,Neutral,Neutral,Neutral,Neutral,Strongly disagree,Strongly disagree,Neutral,Agree,Agree,Agree,Neutral,Disagree,Neutral,Agree,Disagree,Agree,Strongly Agree,Neutral,Strongly disagree,Disagree,Neutral,Strongly disagree,Agree,Agree,Neutral,Agree,Agree,,Agree,Strongly disagree,Neutral,Agree,Disagree,Agree,Neutral,AVN,General Management,
12/06/2026 15:49:38,17,Female,11th,More than 6 Hours,Agree,Disagree,Strongly Agree,Disagree,Disagree,Disagree,Neutral,Disagree,Agree,Agree,Agree,Agree,Disagree,Disagree,Agree,Disagree,Agree,Agree,Strongly Agree,Strongly agree,Strongly agree,Agree,Agree,Strongly Agree,Disagree,Disagree,Disagree,Disagree,Agree,Disagree,Disagree,Agree,Disagree,Disagree,Agree,Agree,Agree,AVN,General Management,Non-Technical
12/06/2026 15:53:45,18,Female,11th,0-2 Hours,Neutral,Neutral,Agree,Agree,Neutral,Disagree,Agree,Disagree,Agree,Agree,Agree,Agree,Neutral,Disagree,Agree,Neutral,Neutral,Disagree,Neutral,Agree,Disagree,Strongly Agree,Agree,Agree,Disagree,Disagree,Neutral,Disagree,Neutral,Disagree,Disagree,Agree,Disagree,Disagree,Disagree,Disagree,Strongly Agree,AVN,General Management,Non-Technical
12/06/2026 15:57:48,18,Male,11th,4-6 Hours,Disagree,Agree,Strongly Agree,Strongly disagree,Neutral,Agree,Strongly Agree,Agree,Strongly agree,Strongly Agree,Strongly agree,Agree,Agree,Agree,Strongly agree,Strongly agree,Strongly agree,Strongly agree,Strongly Agree,Strongly agree,Strongly agree,Neutral,Strongly Agree,Strongly Agree,Strongly Agree,Neutral,Agree,Strongly Agree,Neutral,Strongly disagree,Strongly disagree,Strongly disagree,Neutral,Strongly agree,Strongly Agree,Strongly disagree,Strongly Agree,AVN,General Management,Non-Technical
12/06/2026 16:01:16,17,Male,11th,0-2 Hours,Disagree,Agree,Agree,Disagree,Neutral,Agree,Agree,Agree,,Agree,Agree,Agree,Agree,Disagree,Neutral,Agree,Agree,Strongly agree,Strongly Agree,Strongly agree,Disagree,Neutral,Neutral,Agree,Agree,Strongly disagree,Strongly Agree,,Strongly disagree,Strongly disagree,Strongly disagree,Agree,Strongly disagree,Strongly agree,Agree,Strongly disagree,Strongly Agree,AVN,Hotel Management,Non-Technical
12/06/2026 16:03:59,16,Male,11th,0-2 Hours,Agree,Disagree,Agree,Agree,Disagree,Neutral,Agree,Strongly Agree,Agree,Strongly Agree,Strongly agree,Strongly Agree,Agree,Strongly disagree,Neutral,Agree,Neutral,Agree,Neutral,Stongly disagree,Strongly agree,Neutral,Agree,Strongly Agree,Strongly Agree,Strongly disagree,Strongly Agree,Agree,Strongly disagree,Strongly disagree,Disagree,Strongly disagree,Neutral,Strongly agree,Strongly Agree,Agree,Agree,AVN,General Management,Non-Technical
12/06/2026 16:06:36,16,Male,11th,0-2 Hours,Agree,Disagree,Agree,Agree,Disagree,Neutral,Agree,Strongly Agree,Agree,Strongly Agree,Strongly agree,Strongly Agree,Agree,Strongly disagree,Neutral,Agree,Neutral,Agree,Neutral,Stongly disagree,Strongly agree,Neutral,Agree,Strongly Agree,Strongly Agree,Strongly disagree,Strongly Agree,Agree,Strongly disagree,Strongly disagree,Disagree,Strongly disagree,Neutral,Strongly agree,Strongly Agree,Agree,Agree,AVN,General Management,Non-Technical
12/06/2026 16:08:48,16,Female,11th,0-2 Hours,Disagree,Agree,Agree,Agree,Disagree,Disagree,Agree,Agree,Agree,Strongly Agree,Agree,Agree,Agree,Agree,Agree,Agree,Strongly agree,Strongly agree,Strongly Agree,Agree,Strongly agree,Agree,Strongly Agree,Agree,Agree,Agree,Agree,Disagree,Disagree,Disagree,Agree,Strongly disagree,Agree,Agree,Agree,Agree,Agree,AVN,General Management,
12/06/2026 16:11:39,18,Male,11th,0-2 Hours,Disagree,Agree,Disagree,Disagree,Agree,Agree,Agree,Agree,Agree,Strongly Agree,Strongly agree,Agree,Agree,Disagree,Agree,,Neutral,Agree,Agree,Agree,Agree,Agree,Agree,Disagree,Agree,Disagree,Agree,Disagree,Disagree,Agree,Agree,Disagree,Disagree,Disagree,Agree,Agree,Agree,AVN,General Management,Non-Technical
12/06/2026 16:14:36,17,Male,11th,0-2 Hours,Disagree,Agree,Strongly disagree,Strongly disagree,Agree,Strongly Agree,Strongly Agree,Strongly Agree,Strongly agree,Strongly Agree,Strongly agree,Agree,Agree,Disagree,Disagree,Strongly disagree,Strongly agree,Strongly agree,Strongly Agree,Stongly disagree,Disagree,Disagree,Disagree,Agree,Strongly Agree,Strongly disagree,Strongly disagree,Disagree,Strongly disagree,Strongly Agree,Agree,Agree,Strongly disagree,Strongly disagree,Agree,Strongly disagree,Strongly Agree,AVN,General Management,Non-Technical
12/06/2026 16:18:08,18,Male,11th,0-2 Hours,Disagree,Agree,Agree,Agree,Agree,Agree,Agree,Strongly Agree,Agree,Agree,Strongly agree,Strongly Agree,Disagree,Agree,Strongly agree,Agree,Agree,Agree,Agree,Strongly agree,,Agree,Strongly Agree,Strongly Agree,Disagree,Strongly agree,Strongly Agree,Strongly Agree,Strongly Agree,Strongly disagree,Disagree,Disagree,Disagree,Disagree,Disagree,Agree,Strongly Agree,AVN,General Management,Non-Technical
12/06/2026 16:21:05,18,Male,11th,0-2 Hours,Disagree,Agree,Agree,Agree,Agree,Agree,Agree,Strongly Agree,Agree,Agree,Strongly agree,Strongly Agree,Disagree,Agree,Strongly agree,Agree,Agree,Agree,Agree,Strongly agree,Strongly agree,Agree,Agree,Agree,Agree,Agree,Agree,Neutral,Neutral,,Agree,Disagree,Neutral,Agree,Agree,Neutral,Agree,AVN,General Management,Non-Technical
12/06/2026 16:24:06,17,Male,11th,0-2 Hours,Agree,Strongly Agree,Strongly disagree,Disagree,Neutral,Neutral,Neutral,Neutral,Neutral,Agree,Neutral,Agree,Agree,Disagree,Strongly agree,Agree,Strongly agree,Disagree,Strongly Agree,Disagree,Agree,Agree,Neutral,Agree,Disagree,Disagree,Agree,Agree,Disagree,Neutral,Disagree,Neutral,Disagree,Strongly disagree,Strongly Agree,Strongly disagree,Disagree,AVN,General Management,Non-Technical
12/06/2026 16:28:10,16,Female,11th,2-4 Hours,Agree,Strongly disagree,Agree,Strongly disagree,Agree,Agree,Agree,Agree,Agree,Strongly disagree,Agree,Agree,Agree,Agree,Strongly agree,Agree,Agree,Strongly disagree,Agree,Agree,Agree,Agree,Strongly Agree,Agree,Agree,Strongly agree,Agree,Agree,Strongly disagree,Agree,Agree,Agree,Agree,Agree,Agree,Agree,Agree,AVN,General Management,Non-Technical
12/06/2026 16:31:23,18,Male,11th,2-4 Hours,Neutral,Agree,Strongly Agree,Strongly disagree,Strongly Agree,Disagree,Strongly Agree,Strongly disagree,Disagree,Strongly disagree,Strongly agree,Strongly Agree,Disagree,Strongly agree,Strongly agree,Disagree,Strongly agree,Disagree,Strongly Agree,Agree,Strongly agree,Strongly Agree,Agree,Disagree,Strongly Agree,Strongly disagree,Strongly disagree,Strongly disagree,Strongly Agree,Strongly Agree,Strongly disagree,Agree,Strongly Agree,Strongly disagree,Agree,Neutral,Strongly disagree,AVN,General Management,Non-Technical
12/06/2026 16:33:34,17,Female,11th,0-2 Hours,Neutral,Agree,Agree,Neutral,Neutral,Neutral,Strongly Agree,Neutral,Neutral,Neutral,Neutral,Neutral,Agree,Agree,Neutral,Disagree,Agree,Neutral,Agree,Agree,Agree,Agree,Agree,Agree,Neutral,Agree,Neutral,Neutral,Agree,Agree,Neutral,Agree,Agree,Agree,Agree,Agree,Neutral,AVN,General Management,Non-Technical
12/06/2026 16:36:22,17,Female,11th,0-2 Hours,Disagree,Strongly disagree,Strongly disagree,Disagree,Agree,Strongly disagree,Disagree,Disagree,Strongly disagree,Strongly disagree,Disagree,Strongly disagree,Disagree,Agree,Disagree,Strongly disagree,Disagree,Strongly disagree,Disagree,Agree,Disagree,Strongly Agree,Disagree,Disagree,Strongly disagree,Strongly agree,Strongly disagree,Strongly Agree,Strongly disagree,Strongly Agree,Strongly disagree,Disagree,Disagree,Agree,Disagree,Strongly disagree,Strongly disagree,AVN,General Management,Non-Technical
12/06/2026 16:40:28,17,Female,11th,0-2 Hours,Disagree,Disagree,Agree,Disagree,Disagree,Disagree,Agree,Agree,Strongly agree,Strongly Agree,Agree,Agree,Disagree,Agree,Strongly agree,Strongly disagree,Agree,Agree,Agree,Disagree,Strongly agree,Agree,Strongly Agree,Strongly Agree,Disagree,Disagree,Disagree,Disagree,Agree,Strongly Agree,Agree,Disagree,Agree,Disagree,Strongly Agree,Strongly agree,Agree,AVN,General Management,Non-Technical
12/06/2026 16:44:33,17,Female,11th,2-4 Hours,Disagree,Agree,Agree,Agree,Neutral,Disagree,Agree,Agree,Agree,Agree,Agree,Disagree,Agree,Agree,Agree,,Disagree,Disagree,Agree,Agree,Agree,Agree,Agree,Disagree,Agree,Agree,Agree,Agree,Agree,Agree,Agree,Disagree,Disagree,Disagree,Agree,Agree,Agree,AVN,Hotel Management,Non-Technical
12/06/2026 16:47:22,17,Female,11th,0-2 Hours,Disagree,Agree,Agree,Disagree,Agree,Disagree,Agree,Agree,Strongly agree,Strongly Agree,Strongly agree,Agree,Disagree,Agree,Disagree,Disagree,Agree,Agree,Agree,Disagree,Agree,Disagree,Disagree,Disagree,Agree,Disagree,Disagree,Agree,Disagree,Agree,Agree,Disagree,Agree,Agree,Disagree,Disagree,Agree,AVN,General Management,Non-Technical
12/06/2026 20:55:32,17,Male,11th,4-6 Hours,Agree,Agree,Agree,Agree,Neutral,Agree,Agree,Agree,Agree,Agree,Agree,Agree,Neutral,Agree,Agree,Agree,Agree,Agree,Agree,Agree,Agree,Agree,Agree,Agree,Disagree,Disagree,Neutral,Neutral,Agree,,Agree,Disagree,Agree,Agree,Agree,Neutral,Agree,NAST,Computer Science,Technical
12/06/2026 20:57:35,18,Male,11th,2-4 Hours,Agree,Agree,Agree,Neutral,Agree,Agree,Agree,Agree,Agree,Agree,Agree,Neutral,Agree,Agree,Agree,Agree,Strongly agree,Agree,Strongly Agree,Agree,Strongly agree,Strongly Agree,Agree,Neutral,Agree,Neutral,Neutral,Neutral,Neutral,Disagree,Agree,Strongly disagree,Agree,Strongly disagree,Agree,Agree,Strongly Agree,NAST,Computer Science,Technical
12/06/2026 20:59:12,17,Male,11th,0-2 Hours,Agree,Agree,Agree,Disagree,Neutral,Agree,Agree,Agree,Neutral,Agree,Agree,Agree,Neutral,Neutral,Agree,Neutral,Neutral,Agree,Agree,Strongly agree,Strongly agree,Agree,Neutral,Strongly Agree,Agree,Neutral,Agree,Disagree,Agree,Agree,Agree,Strongly disagree,Disagree,Disagree,Strongly disagree,Neutral,,NAST,Computer Science,Technical
12/06/2026 21:00:41,18,Male,11th,2-4 Hours,Neutral,Agree,Strongly Agree,Disagree,Agree,Strongly Agree,Agree,Neutral,Agree,Strongly Agree,Agree,Strongly Agree,Strongly Agree,Agree,Agree,Strongly agree,Strongly agree,Strongly agree,Agree,Strongly agree,Strongly agree,Strongly Agree,Agree,Strongly Agree,Strongly Agree,Agree,Agree,Agree,Strongly Agree,,Strongly Agree,Strongly disagree,Strongly disagree,Strongly disagree,Strongly Agree,Strongly disagree,Strongly Agree,NAST,Computer Science,Technical
12/06/2026 21:01:55,17,Male,11th,2-4 Hours,Agree,Agree,Strongly Agree,Disagree,Agree,Strongly Agree,Agree,Agree,Agree,Agree,Strongly agree,Strongly Agree,Neutral,Agree,Agree,Agree,Agree,Agree,Agree,Neutral,Agree,Agree,Agree,Agree,Agree,Neutral,Agree,Neutral,Agree,Disagree,Agree,Strongly agree,Neutral,Agree,Disagree,Strongly disagree,Strongly Agree,NAST,Computer Science,Technical
12/06/2026 21:04:36,19,Other,11th,More than 6 Hours,Neutral,Neutral,Disagree,Disagree,Agree,Strongly disagree,Disagree,Disagree,Disagree,Disagree,Disagree,Disagree,Disagree,Disagree,Disagree,Disagree,Disagree,Disagree,Disagree,Disagree,Disagree,Disagree,Disagree,Disagree,Disagree,Disagree,Disagree,Disagree,Disagree,Disagree,Disagree,Disagree,Disagree,Disagree,Disagree,Disagree,Disagree,NAST,Bio Science,Technical
12/06/2026 21:06:29,17,Female,11th,0-2 Hours,Neutral,Neutral,Agree,Agree,Disagree,Neutral,Disagree,Disagree,Agree,Agree,Agree,Agree,Disagree,Neutral,Agree,Neutral,Agree,Agree,Agree,Agree,Agree,Disagree,Disagree,Disagree,Disagree,Disagree,Disagree,Disagree,Disagree,Disagree,Disagree,Disagree,Disagree,Disagree,Disagree,Disagree,Disagree,NAST,Bio Science,Technical
12/06/2026 21:07:48,17,Female,11th,2-4 Hours,Agree,Agree,Strongly Agree,Agree,Agree,Agree,Agree,Agree,Agree,Agree,Disagree,Agree,Agree,Agree,Agree,Agree,Agree,Strongly agree,Agree,Agree,Agree,Agree,Disagree,Disagree,Agree,Neutral,Agree,Neutral,Neutral,Agree,Strongly Agree,Agree,Disagree,Agree,Strongly Agree,Strongly agree,Strongly Agree,NAST,Bio Science,Technical
12/06/2026 21:09:04,17,Female,11th,2-4 Hours,Disagree,Neutral,Strongly Agree,Neutral,Neutral,Agree,Agree,Agree,,Strongly Agree,Agree,Strongly Agree,Neutral,Neutral,Strongly agree,Strongly agree,Strongly agree,Strongly agree,Agree,Agree,Strongly agree,Neutral,Strongly Agree,Agree,Agree,Agree,Agree,Agree,Strongly Agree,Strongly Agree,Agree,Strongly disagree,Neutral,Neutral,Strongly Agree,Agree,Strongly Agree,NAST,Bio Science,Technical
12/06/2026 21:10:33,18,Female,11th,0-2 Hours,Disagree,Neutral,,Neutral,Agree,Neutral,,,,,Agree,Strongly Agree,Neutral,Neutral,Strongly agree,Agree,Agree,Strongly agree,Agree,Stongly disagree,Strongly disagree,Neutral,Strongly Agree,Agree,Agree,Agree,Agree,Neutral,Disagree,Disagree,Disagree,Disagree,Strongly disagree,Disagree,Strongly Agree,Agree,Strongly Agree,NAST,Bio Science,Technical
12/06/2026 21:15:50,16,Male,11th,2-4 Hours,Agree,,Neutral,Agree,Disagree,Disagree,Neutral,Disagree,Agree,Strongly Agree,Agree,Agree,Disagree,Neutral,Strongly agree,Agree,Strongly agree,Strongly agree,Strongly Agree,Strongly agree,Strongly agree,Neutral,Neutral,Neutral,Neutral,Disagree,Neutral,Agree,Strongly disagree,Neutral,Agree,Strongly disagree,Agree,Agree,Agree,Agree,Strongly Agree,NAST,Bio Science,Technical
12/06/2026 21:17:44,17,Male,11th,4-6 Hours,Agree,Agree,Agree,Agree,Agree,Agree,Agree,Strongly Agree,Disagree,Agree,Disagree,Disagree,Agree,Agree,Strongly agree,Neutral,Agree,Strongly agree,Disagree,Disagree,Agree,Strongly Agree,Agree,,Disagree,Agree,Strongly Agree,Agree,Agree,Disagree,Strongly Agree,Disagree,,Strongly agree,Disagree,Strongly disagree,Agree,NAST,Bio Science,Technical
12/06/2026 21:20:06,17,Female,11th,2-4 Hours,Agree,Agree,Agree,Disagree,Agree,Agree,Agree,Agree,Agree,Agree,Agree,Agree,Agree,Agree,Agree,Agree,Agree,Agree,Agree,Agree,Agree,Agree,Agree,Agree,Agree,Agree,Agree,Disagree,Disagree,Disagree,Disagree,Disagree,Disagree,Disagree,Disagree,Agree,Agree,NAST,Bio Science,Technical
12/06/2026 21:21:10,17,Female,11th,2-4 Hours,Agree,Agree,Agree,Disagree,Disagree,Agree,Agree,Agree,Agree,Strongly Agree,Strongly agree,Agree,Agree,Agree,Agree,Agree,Strongly agree,Strongly agree,Agree,Agree,Agree,Agree,Agree,Agree,Agree,Agree,Agree,Agree,Disagree,Disagree,Disagree,Disagree,Agree,Agree,Disagree,Agree,Agree,NAST,Bio Science,Technical
12/06/2026 21:22:13,17,Female,11th,2-4 Hours,Neutral,Disagree,Strongly Agree,Disagree,Neutral,Neutral,Neutral,Neutral,Neutral,Strongly Agree,Agree,Agree,Neutral,Agree,Agree,Agree,Agree,Strongly agree,Neutral,Neutral,Strongly agree,Neutral,Agree,Neutral,Neutral,Neutral,Neutral,Neutral,Neutral,Neutral,Neutral,Neutral,Neutral,Neutral,Neutral,Neutral,Neutral,NAST,Bio Science,Technical
12/06/2026 21:23:24,17,Female,11th,2-4 Hours,Agree,Agree,Agree,Agree,Disagree,Neutral,Neutral,Disagree,Agree,Agree,Agree,Agree,Neutral,Disagree,Agree,Disagree,Agree,Agree,Agree,Agree,Agree,Disagree,Disagree,Agree,Agree,Neutral,Agree,Agree,Agree,Agree,Strongly Agree,Disagree,Disagree,Neutral,Strongly Agree,Agree,Agree,NAST,Bio Science,Technical
12/06/2026 21:24:29,17,Male,11th,More than 6 Hours,Agree,Strongly Agree,Neutral,Disagree,Strongly Agree,Agree,Strongly Agree,Agree,Neutral,Strongly Agree,Agree,Agree,Strongly Agree,Agree,Agree,Agree,Strongly agree,Strongly agree,Strongly Agree,Disagree,Disagree,Agree,Strongly Agree,Disagree,Neutral,Agree,Agree,Disagree,Agree,Strongly Agree,Strongly Agree,Strongly agree,Disagree,Agree,Disagree,Agree,Agree,NAST,Hotel Management,Technical
12/06/2026 21:26:17,18,Female,11th,,,,,,,Disagree,,,,,Disagree,Neutral,Disagree,Disagree,Neutral,,,,Strongly Agree,Strongly agree,Agree,,,,,,,Strongly Agree,,,Agree,Disagree,,,,Disagree,Agree,KMC,General Management,Non-Technical
12/06/2026 21:28:04,18,Male,11th,More than 6 Hours,Strongly agree,Disagree,Agree,Neutral,Strongly Agree,Agree,Strongly Agree,Strongly Agree,Strongly agree,Strongly Agree,Strongly agree,Agree,Neutral,Strongly agree,Strongly agree,Strongly agree,Strongly agree,Strongly agree,Strongly Agree,Strongly agree,Strongly agree,Agree,Strongly Agree,Strongly Agree,Agree,Neutral,Neutral,Agree,Strongly disagree,Disagree,Disagree,Neutral,Agree,Agree,Neutral,Agree,Strongly Agree,KMC,General Management,Non-Technical
12/06/2026 21:29:14,18,Male,11th,More than 6 Hours,Agree,Agree,Agree,Disagree,Neutral,Strongly Agree,Neutral,Strongly Agree,Agree,Strongly Agree,Agree,Neutral,Strongly Agree,Strongly agree,Strongly agree,Strongly agree,Strongly agree,Strongly agree,Strongly Agree,Agree,Strongly agree,Agree,Strongly Agree,Strongly Agree,Strongly Agree,Neutral,Neutral,Agree,Strongly disagree,Neutral,Neutral,Strongly disagree,Neutral,Strongly disagree,Neutral,Strongly disagree,Strongly Agree,KMC,General Management,Non-Technical
12/06/2026 21:30:24,18,Female,11th,4-6 Hours,Agree,Neutral,Disagree,Agree,Agree,,Agree,Disagree,Disagree,Agree,,Agree,Disagree,Disagree,Agree,Disagree,Agree,Agree,Agree,Agree,,Agree,Disagree,Disagree,Agree,Agree,Disagree,Agree,Agree,Agree,Agree,,Disagree,Disagree,Agree,Agree,Agree,KMC,General Management,Technical
12/06/2026 21:31:33,18,Female,11th,2-4 Hours,Agree,Neutral,Agree,Disagree,Agree,Agree,Agree,Agree,Strongly agree,Agree,Agree,Agree,Agree,Neutral,Agree,Agree,Agree,Agree,Agree,,Agree,Disagree,Agree,Agree,Agree,Disagree,Agree,Disagree,Disagree,Disagree,Disagree,Disagree,Neutral,Disagree,Neutral,Neutral,Strongly Agree,KMC,General Management,Non-Technical
12/06/2026 21:32:39,16,Female,11th,2-4 Hours,Disagree,Neutral,,Disagree,Agree,,Agree,Agree,Agree,Agree,,Agree,Agree,Neutral,Agree,,Agree,Agree,Agree,Agree,Agree,Neutral,Agree,Agree,Agree,,Agree,Agree,Agree,Agree,Agree,Agree,,Agree,Agree,Agree,Agree,KMC,General Management,Non-Technical
12/06/2026 21:34:06,18,Male,11th,4-6 Hours,Agree,Agree,Strongly Agree,Strongly disagree,Strongly Agree,Agree,Neutral,Agree,Agree,Strongly Agree,Strongly disagree,Agree,Disagree,Agree,Strongly agree,Agree,Strongly agree,Strongly agree,Strongly Agree,Agree,Strongly agree,Strongly Agree,Disagree,Disagree,Strongly disagree,Disagree,Disagree,Disagree,Disagree,Agree,Agree,Strongly agree,Disagree,Neutral,Agree,Disagree,Strongly Agree,KMC,General Management,Non-Technical
12/06/2026 21:35:20,18,Female,11th,0-2 Hours,Neutral,Neutral,Agree,Disagree,Neutral,Neutral,Agree,Neutral,Agree,Agree,Agree,Agree,Neutral,Neutral,Agree,Disagree,Neutral,Agree,Agree,Agree,Agree,Neutral,Neutral,Agree,Neutral,Neutral,Agree,Disagree,Disagree,Disagree,Disagree,Disagree,Disagree,Disagree,Neutral,Agree,Agree,KMC,General Management,Non-Technical
12/06/2026 21:36:30,17,Female,11th,2-4 Hours,Neutral,Neutral,Agree,Disagree,Neutral,Neutral,Agree,Neutral,Agree,Agree,Agree,Agree,Neutral,Neutral,,Disagree,Neutral,Agree,Agree,Agree,Agree,Neutral,Neutral,Agree,Neutral,Neutral,Agree,Agree,Disagree,Disagree,Disagree,Disagree,Neutral,Disagree,Disagree,Agree,Agree,KMC,General Management,Non-Technical
12/06/2026 21:37:29,18,Female,11th,2-4 Hours,Neutral,Neutral,Agree,Disagree,Neutral,Neutral,Agree,Neutral,Agree,Agree,Agree,Agree,Neutral,Neutral,Agree,Disagree,Neutral,Agree,Agree,Agree,Agree,Neutral,Neutral,Agree,Neutral,Neutral,Agree,Disagree,Disagree,Disagree,Disagree,Neutral,Disagree,Disagree,Agree,Agree,Agree,KMC,General Management,Non-Technical
12/06/2026 21:38:38,17,Female,11th,2-4 Hours,Neutral,Disagree,Agree,Disagree,Neutral,Agree,Agree,,Agree,Strongly Agree,,Agree,,Agree,Agree,Disagree,Agree,Agree,Agree,,Disagree,Disagree,,Disagree,Disagree,Agree,Agree,Disagree,Disagree,Disagree,Disagree,Agree,Disagree,,Disagree,Disagree,Agree,KMC,General Management,Non-Technical
12/06/2026 21:39:56,17,Male,11th,2-4 Hours,Strongly disagree,Strongly disagree,Disagree,Disagree,Agree,Agree,Agree,Agree,Agree,Agree,Agree,Agree,Agree,Agree,Strongly disagree,Disagree,Strongly disagree,Strongly disagree,Strongly disagree,Disagree,Strongly disagree,Disagree,Disagree,Disagree,Disagree,Disagree,Disagree,Agree,Agree,Disagree,Disagree,Disagree,Agree,Disagree,Disagree,Disagree,Disagree,KMC,General Management,Non-Technical
12/06/2026 22:02:51,19,Female,11th,2-4 Hours,Agree,Strongly disagree,Agree,Disagree,Disagree,Agree,Agree,Agree,Agree,Strongly Agree,Strongly agree,Agree,Agree,Neutral,Agree,Neutral,Agree,Agree,Agree,Agree,Agree,Disagree,,Neutral,Neutral,Disagree,Disagree,Agree,Disagree,Disagree,Disagree,Strongly disagree,Neutral,Disagree,Neutral,Agree,Strongly Agree,KMC,General Management,Non-Technical
12/06/2026 22:04:04,18,Male,11th,More than 6 Hours,Strongly agree,Neutral,Strongly Agree,Disagree,Neutral,Agree,Agree,Agree,Agree,Agree,Disagree,Agree,Agree,Agree,Agree,Agree,Strongly agree,Strongly agree,Strongly Agree,Agree,Agree,Disagree,Strongly Agree,Agree,Agree,Strongly disagree,Agree,Strongly disagree,Agree,Strongly disagree,Agree,Strongly disagree,Disagree,Agree,Agree,Disagree,Strongly Agree,KMC,General Management,Non-Technical
12/06/2026 22:04:29,17,Female,11th,2-4 Hours,Disagree,Strongly disagree,Agree,Disagree,Disagree,Agree,Agree,Strongly Agree,Agree,Agree,Agree,Agree,Agree,Neutral,Agree,Neutral,Agree,Agree,Agree,Agree,Agree,Disagree,Agree,Agree,Neutral,Disagree,Disagree,Agree,Disagree,Disagree,Disagree,Strongly disagree,Neutral,Disagree,Agree,Disagree,Agree,KMC,General Management,Non-Technical
12/06/2026 22:06:04,17,Female,11th,2-4 Hours,Disagree,Disagree,Agree,Disagree,Disagree,Agree,Agree,Strongly Agree,Agree,Agree,Agree,Agree,Disagree,Agree,Agree,Agree,Agree,Agree,Agree,Agree,Agree,Disagree,Disagree,Disagree,Agree,Agree,Agree,Disagree,Disagree,Disagree,Disagree,Disagree,Disagree,Disagree,Agree,Disagree,Agree,KMC,General Management,Non-Technical
12/06/2026 22:06:25,16,Male,11th,2-4 Hours,Agree,Agree,Agree,Strongly disagree,Agree,Strongly Agree,Strongly disagree,Neutral,Strongly disagree,Strongly Agree,Strongly agree,Strongly Agree,Neutral,Strongly disagree,Strongly agree,Disagree,Strongly agree,Strongly disagree,Strongly Agree,Stongly disagree,Strongly disagree,Disagree,Strongly Agree,Strongly disagree,Strongly Agree,Strongly agree,Disagree,Strongly Agree,Strongly disagree,Disagree,Agree,Disagree,Strongly disagree,Strongly disagree,Disagree,Agree,Strongly Agree,KMC,General Management,Non-Technical
12/06/2026 22:07:38,17,Female,11th,2-4 Hours,Disagree,Disagree,Agree,Disagree,Disagree,Strongly Agree,Agree,Strongly Agree,Agree,Agree,Agree,Agree,Agree,Agree,Agree,Agree,Agree,Agree,Agree,Agree,Agree,Disagree,Disagree,Disagree,Agree,Agree,Agree,Disagree,Disagree,Disagree,Disagree,Disagree,Disagree,Disagree,Agree,Disagree,Agree,KMC,General Management,Non-Technical
12/06/2026 22:08:22,17,Male,11th,4-6 Hours,Neutral,Disagree,Neutral,Agree,Agree,Strongly disagree,Strongly disagree,Neutral,Disagree,Strongly Agree,Agree,Disagree,Strongly disagree,Neutral,Strongly agree,Neutral,Disagree,Strongly agree,Strongly Agree,Neutral,Strongly agree,Agree,Disagree,Disagree,Strongly disagree,Strongly disagree,Neutral,Neutral,Agree,Neutral,Strongly disagree,Agree,Agree,Disagree,Agree,Disagree,Strongly Agree,KMC,General Management,Non-Technical
12/06/2026 22:09:31,16,Male,11th,4-6 Hours,Agree,Strongly disagree,Strongly Agree,Strongly disagree,Agree,Disagree,Neutral,Agree,Strongly agree,Strongly Agree,Strongly agree,Strongly Agree,Agree,Strongly agree,Agree,Disagree,Neutral,Neutral,Strongly Agree,Strongly agree,Strongly agree,Neutral,Agree,Agree,Disagree,Disagree,Strongly disagree,Disagree,Disagree,Disagree,Disagree,Strongly disagree,Disagree,Disagree,Strongly disagree,Disagree,Strongly Agree,KMC,General Management,Non-Technical
12/06/2026 22:11:14,18,Male,11th,4-6 Hours,Neutral,Agree,Agree,Disagree,Neutral,Neutral,Agree,Neutral,Neutral,Strongly Agree,Strongly agree,Agree,Disagree,Agree,Agree,Agree,Agree,Strongly agree,Strongly Agree,Strongly agree,Strongly agree,Strongly Agree,Disagree,Strongly Agree,Strongly Agree,Agree,Agree,Strongly disagree,Strongly disagree,Strongly disagree,Strongly disagree,Strongly disagree,Strongly disagree,Strongly disagree,Strongly disagree,Strongly disagree,Strongly Agree,KMC,General Management,Non-Technical
12/06/2026 22:11:51,17,Male,11th,2-4 Hours,Strongly agree,Agree,Strongly Agree,Agree,Strongly Agree,Agree,Agree,Strongly Agree,Strongly agree,Strongly Agree,Neutral,Agree,Agree,Strongly agree,Strongly agree,Agree,Strongly agree,Strongly agree,Strongly Agree,Neutral,Strongly disagree,Agree,Agree,Disagree,Agree,Agree,Agree,Agree,Agree,Agree,Agree,Agree,Disagree,Strongly agree,Agree,Agree,Agree,KMC,General Management,Non-Technical
12/06/2026 22:13:11,17,Female,11th,2-4 Hours,Disagree,Agree,Agree,Agree,Neutral,Neutral,Strongly Agree,Strongly Agree,Agree,Agree,Neutral,Strongly Agree,Disagree,Agree,Agree,Agree,Strongly agree,Agree,Agree,Agree,Strongly agree,Agree,Neutral,Agree,Agree,Disagree,Agree,Disagree,Disagree,Disagree,Disagree,Disagree,Strongly disagree,Disagree,Neutral,Disagree,Agree,KMC,General Management,Non-Technical
12/06/2026 22:13:40,17,Male,11th,2-4 Hours,Agree,Strongly disagree,Agree,Strongly disagree,Agree,Strongly Agree,Strongly Agree,Neutral,Strongly agree,Strongly Agree,Strongly agree,Strongly Agree,Disagree,Strongly agree,Strongly agree,Agree,Strongly agree,Strongly agree,Strongly Agree,Strongly agree,Strongly agree,Strongly Agree,Disagree,Strongly Agree,Strongly Agree,Agree,Strongly Agree,Strongly disagree,Strongly disagree,Strongly disagree,Strongly disagree,Strongly disagree,Strongly disagree,Strongly disagree,Strongly disagree,Strongly disagree,Strongly Agree,KMC,General Management,Non-Technical
12/06/2026 22:15:13,17,Female,11th,2-4 Hours,Disagree,Agree,Agree,Disagree,Neutral,Strongly Agree,Strongly Agree,Agree,Agree,Strongly Agree,Neutral,Strongly Agree,Disagree,Agree,Agree,Agree,Strongly agree,Agree,Agree,Agree,Strongly agree,Agree,Neutral,Agree,Agree,Disagree,Agree,Disagree,Disagree,Disagree,Disagree,Disagree,Strongly disagree,Disagree,Neutral,Disagree,Strongly Agree,KMC,General Management,Non-Technical
12/06/2026 22:15:31,16,Male,11th,4-6 Hours,Agree,Agree,Agree,Disagree,Disagree,Agree,Strongly Agree,Agree,Agree,Agree,Agree,Strongly Agree,Agree,Agree,Agree,Disagree,Agree,Strongly agree,Strongly Agree,,Strongly disagree,Disagree,Agree,Agree,Agree,Disagree,Neutral,Agree,Disagree,Disagree,Disagree,Agree,Agree,Agree,Agree,Agree,Agree,KMC,General Management,Non-Technical
12/06/2026 22:16:54,17,Male,11th,More than 6 Hours,Agree,Agree,Neutral,Neutral,Neutral,Agree,Agree,Agree,Agree,Agree,Strongly agree,Strongly Agree,Agree,Agree,Strongly agree,Disagree,Strongly agree,Strongly agree,Agree,Disagree,Strongly disagree,Neutral,,Strongly Agree,Agree,Agree,Neutral,Strongly Agree,Agree,Disagree,Agree,Strongly disagree,Strongly disagree,Disagree,Strongly Agree,Strongly disagree,Strongly Agree,KMC,General Management,Non-Technical
12/06/2026 22:17:04,17,Female,11th,2-4 Hours,Neutral,Disagree,Strongly Agree,Disagree,Neutral,Agree,Agree,Strongly Agree,Strongly agree,Strongly Agree,Strongly agree,Strongly Agree,Strongly Agree,Strongly agree,Strongly agree,Neutral,Strongly agree,Strongly agree,Strongly Agree,Strongly agree,Agree,Strongly Agree,Strongly Agree,Strongly Agree,Agree,Agree,Strongly Agree,Disagree,Strongly disagree,Disagree,Strongly disagree,Strongly disagree,Disagree,Neutral,Strongly Agree,Neutral,Strongly Agree,KMC,General Management,Non-Technical
12/06/2026 22:19:00,18,Male,11th,More than 6 Hours,Agree,Agree,Neutral,Neutral,Neutral,Agree,Agree,,Agree,Agree,Strongly agree,Strongly Agree,,Agree,Strongly agree,Disagree,Strongly agree,Strongly agree,Agree,Disagree,Strongly disagree,Neutral,,Strongly Agree,Agree,Agree,Neutral,Strongly Agree,Agree,Disagree,Agree,Strongly disagree,,Disagree,Strongly Agree,Strongly disagree,Strongly Agree,KMC,General Management,Non-Technical
12/06/2026 22:19:15,16,Female,11th,4-6 Hours,Neutral,Agree,Neutral,Strongly disagree,Disagree,Neutral,Agree,Agree,Agree,Strongly Agree,Agree,Neutral,Neutral,Neutral,Agree,Neutral,Strongly agree,Strongly agree,Agree,Strongly agree,Strongly agree,Disagree,Neutral,Disagree,Neutral,Disagree,Neutral,Agree,Neutral,Disagree,Agree,Disagree,Neutral,Disagree,Neutral,Neutral,Strongly Agree,KMC,General Management,Non-Technical
12/06/2026 22:20:42,17,Female,11th,4-6 Hours,Neutral,Agree,Strongly Agree,Disagree,Neutral,Agree,Agree,Agree,Agree,Strongly Agree,Strongly agree,Agree,Neutral,Agree,Agree,Agree,Agree,Agree,Agree,Agree,Strongly agree,Agree,,Neutral,Agree,Agree,Agree,Disagree,Disagree,Disagree,Agree,Strongly disagree,Agree,Disagree,Agree,Agree,Strongly Agree,KMC,General Management,Non-Technical
12/06/2026 22:20:54,19,Female,11th,4-6 Hours,Neutral,Disagree,Strongly Agree,Disagree,Neutral,Agree,Agree,Strongly Agree,Strongly agree,Strongly Agree,Strongly agree,Strongly Agree,Strongly Agree,Strongly agree,Strongly agree,Neutral,Strongly agree,Strongly agree,Strongly Agree,Strongly agree,Agree,Strongly Agree,Strongly Agree,Strongly Agree,Agree,Agree,Strongly Agree,Disagree,Strongly disagree,Disagree,Disagree,Strongly disagree,Disagree,Neutral,Strongly Agree,Neutral,Strongly Agree,KMC,General Management,Non-Technical
12/06/2026 22:22:30,18,Female,11th,4-6 Hours,Neutral,Agree,Agree,Strongly disagree,Disagree,Neutral,Strongly Agree,Strongly Agree,Neutral,Strongly Agree,Strongly agree,Agree,Neutral,Neutral,Neutral,Agree,Agree,Neutral,Agree,Strongly agree,Strongly agree,Neutral,Disagree,Strongly Agree,Agree,Neutral,Agree,Strongly disagree,Disagree,Strongly disagree,Disagree,Strongly disagree,Neutral,Strongly disagree,Neutral,Neutral,Strongly Agree,KMC,General Management,Non-Technical
12/06/2026 22:23:22,16,Female,11th,2-4 Hours,Neutral,Disagree,Strongly Agree,Disagree,Neutral,Agree,Agree,Strongly Agree,Strongly agree,Strongly Agree,Strongly agree,Strongly Agree,Strongly Agree,Strongly agree,Strongly agree,Neutral,Strongly agree,Strongly agree,Strongly Agree,Strongly agree,Agree,Strongly Agree,Strongly Agree,Strongly Agree,Agree,Agree,Strongly Agree,Disagree,Strongly disagree,Disagree,Disagree,Strongly disagree,Disagree,Neutral,Strongly Agree,Neutral,Strongly Agree,KMC,General Management,Non-Technical
12/06/2026 22:24:26,18,Male,11th,More than 6 Hours,Agree,Disagree,Agree,Neutral,Strongly Agree,Agree,Strongly Agree,Strongly Agree,Strongly agree,Strongly Agree,Strongly agree,Agree,Neutral,Strongly agree,Strongly agree,Strongly agree,Strongly agree,Strongly agree,Strongly Agree,Strongly agree,Strongly agree,Agree,Strongly Agree,Strongly Agree,Agree,Neutral,Agree,Agree,Strongly disagree,Strongly disagree,Strongly disagree,Agree,Agree,Strongly agree,Disagree,Strongly disagree,Strongly Agree,KMC,General Management,Non-Technical
12/06/2026 22:25:11,19,Male,11th,More than 6 Hours,Neutral,Agree,Strongly Agree,Neutral,Neutral,Agree,Agree,Neutral,Strongly agree,Strongly Agree,Agree,Strongly Agree,Disagree,Strongly agree,Strongly agree,Agree,Strongly agree,Agree,Agree,Agree,Strongly agree,Neutral,Strongly Agree,Strongly Agree,Neutral,Agree,Neutral,Strongly Agree,Agree,Neutral,Disagree,Strongly disagree,Neutral,Disagree,,Strongly disagree,Agree,KMC,General Management,Non-Technical
12/06/2026 22:26:48,18,Male,11th,4-6 Hours,Strongly agree,Agree,Agree,Strongly disagree,Disagree,Strongly Agree,Strongly Agree,Strongly Agree,Strongly agree,Strongly Agree,Strongly agree,Strongly Agree,Agree,Agree,Strongly agree,Strongly agree,Strongly agree,Strongly agree,Strongly Agree,Strongly agree,Strongly agree,,Agree,Strongly Agree,Strongly Agree,Agree,Agree,Strongly Agree,Strongly disagree,Strongly disagree,Strongly disagree,Disagree,Agree,Neutral,Agree,Strongly disagree,Agree,KMC,General Management,Non-Technical
12/06/2026 22:27:19,17,Female,11th,,Neutral,Disagree,Strongly Agree,Disagree,Neutral,Agree,Agree,Strongly Agree,Strongly agree,Strongly Agree,Strongly agree,Strongly Agree,Strongly Agree,Strongly agree,Strongly agree,Neutral,Strongly agree,Strongly agree,Strongly Agree,Strongly agree,Agree,Strongly Agree,Strongly Agree,Agree,Strongly Agree,Neutral,Strongly Agree,Disagree,Disagree,Disagree,Disagree,Strongly agree,,Disagree,Strongly Agree,Neutral,Agree,KMC,General Management,Non-Technical
12/06/2026 22:31:08,18,Male,11th,More than 6 Hours,Strongly agree,Neutral,Strongly Agree,Disagree,Neutral,Agree,Agree,Agree,Agree,Strongly Agree,Strongly disagree,Agree,Agree,Agree,Agree,Agree,Agree,Agree,Strongly Agree,Agree,Agree,Neutral,Agree,Agree,Agree,Disagree,Disagree,Agree,Disagree,Strongly disagree,Disagree,Disagree,Neutral,Disagree,Disagree,Agree,Agree,KMC,General Management,Non-Technical
12/06/2026 22:31:54,18,Male,11th,More than 6 Hours,Agree,Agree,Agree,Strongly disagree,Disagree,Strongly Agree,Strongly Agree,Agree,Strongly agree,Strongly Agree,Strongly agree,Strongly Agree,Strongly Agree,Agree,Strongly agree,Strongly agree,Strongly agree,Strongly agree,Strongly Agree,Strongly agree,Strongly agree,Strongly Agree,Strongly Agree,Strongly Agree,Strongly Agree,Strongly agree,Agree,Agree,Agree,Agree,Agree,Disagree,Agree,Neutral,Neutral,Strongly disagree,Agree,KMC,General Management,Non-Technical
12/06/2026 22:35:49,18,Male,11th,More than 6 Hours,Agree,Strongly disagree,Strongly Agree,Strongly disagree,Agree,Agree,Strongly Agree,Agree,Neutral,Strongly Agree,Strongly agree,Strongly Agree,Agree,Strongly agree,Neutral,Disagree,Agree,Strongly agree,Strongly Agree,Agree,Strongly agree,Agree,Agree,Strongly Agree,Agree,Agree,Strongly Agree,Agree,Disagree,Agree,Agree,Disagree,Strongly disagree,Disagree,Disagree,Disagree,Strongly Agree,KMC,General Management,Non-Technical
12/06/2026 22:50:00,16,Female,11th,2-4 Hours,Agree,Agree,Strongly Agree,Agree,Agree,Agree,Strongly Agree,Strongly Agree,Strongly agree,Strongly Agree,Agree,Agree,Disagree,Agree,Strongly agree,,Strongly agree,Agree,Strongly Agree,Agree,Agree,Agree,Agree,Agree,Agree,Disagree,Agree,Agree,Disagree,Strongly disagree,Disagree,Strongly disagree,Disagree,Strongly disagree,Disagree,Agree,Strongly Agree,AVN,Bio Science,Technical
12/06/2026 22:51:44,17,Female,11th,4-6 Hours,Neutral,Neutral,Agree,Disagree,Neutral,Strongly Agree,Strongly Agree,Strongly Agree,Strongly agree,Strongly Agree,Strongly agree,Strongly Agree,Agree,Agree,Strongly agree,Agree,Strongly agree,Agree,Agree,Agree,Agree,Agree,Agree,Strongly Agree,Strongly Agree,Agree,Strongly Agree,Neutral,Strongly Agree,Agree,Neutral,Strongly disagree,Neutral,Disagree,Strongly Agree,Disagree,Strongly Agree,AVN,Bio Science,Non-Technical
12/06/2026 22:51:51,17,Female,11th,4-6 Hours,Agree,Agree,Agree,Agree,Disagree,Agree,Strongly Agree,Strongly Agree,Strongly agree,Strongly Agree,Strongly agree,Agree,Disagree,Agree,Strongly agree,Agree,Strongly agree,Strongly agree,Strongly Agree,Strongly agree,Strongly agree,Strongly Agree,Strongly Agree,Strongly Agree,Agree,Disagree,Agree,Agree,Disagree,Neutral,Strongly disagree,Strongly disagree,Neutral,Agree,Agree,Disagree,Strongly Agree,AVN,Bio Science,Technical
12/06/2026 22:53:08,18,Male,11th,2-4 Hours,Agree,Agree,Agree,Agree,Agree,Agree,Agree,Agree,Agree,Agree,Disagree,Agree,Agree,Agree,Agree,Agree,Agree,Strongly agree,Strongly Agree,Strongly agree,Strongly agree,Agree,Agree,Strongly Agree,,Agree,Agree,Agree,Agree,Disagree,Neutral,Disagree,Agree,Neutral,Agree,Agree,Agree,AVN,Bio Science,Non-Technical
12/06/2026 22:53:37,16,Female,11th,4-6 Hours,Agree,Agree,Agree,Disagree,Neutral,Agree,Agree,Agree,Agree,Agree,Agree,Agree,,Agree,Agree,Disagree,Agree,Agree,Agree,Agree,Agree,Disagree,Disagree,Agree,Agree,Disagree,Agree,Disagree,Disagree,Strongly disagree,Strongly disagree,Strongly disagree,Disagree,Disagree,Strongly Agree,Agree,Strongly Agree,AVN,Bio Science,Technical
12/06/2026 22:54:58,18,Female,11th,2-4 Hours,Agree,Agree,Strongly Agree,Neutral,Agree,Agree,Disagree,Disagree,Neutral,Agree,Agree,Disagree,Strongly Agree,Agree,Agree,Disagree,Neutral,Neutral,Agree,Strongly agree,Strongly agree,Disagree,Strongly Agree,Disagree,Strongly Agree,Disagree,Agree,Agree,Agree,Neutral,Disagree,Strongly disagree,Strongly disagree,Strongly disagree,Strongly Agree,Disagree,Strongly Agree,AVN,Bio Science,Non-Technical
12/06/2026 22:56:27,17,Male,11th,0-2 Hours,Strongly agree,Agree,Agree,Neutral,Strongly Agree,Agree,Agree,Agree,Agree,Strongly Agree,Agree,Agree,Neutral,Strongly agree,Agree,Agree,Agree,Agree,Agree,Agree,Agree,Strongly Agree,Agree,Agree,Agree,Strongly agree,Neutral,Neutral,Disagree,Disagree,Agree,Disagree,Neutral,Agree,Agree,Disagree,Strongly Agree,AVN,Bio Science,Non-Technical
12/06/2026 22:56:38,17,Male,11th,0-2 Hours,Disagree,Neutral,Agree,Strongly disagree,Disagree,Agree,Strongly Agree,Agree,Agree,Strongly Agree,Agree,Agree,Neutral,Agree,Agree,Agree,Agree,Agree,Strongly Agree,Strongly agree,Agree,Neutral,Neutral,Strongly Agree,Agree,Strongly disagree,Agree,Neutral,Strongly disagree,Disagree,Neutral,Neutral,Disagree,Disagree,Disagree,Neutral,Strongly Agree,AVN,Bio Science,Technical
12/06/2026 22:58:15,16,Female,11th,0-2 Hours,Disagree,Agree,Agree,Disagree,Strongly disagree,Strongly Agree,Strongly Agree,Agree,Agree,Strongly Agree,Strongly agree,Agree,Disagree,Neutral,Agree,Agree,Strongly agree,Strongly agree,Strongly Agree,Strongly agree,Agree,Agree,Agree,Agree,Agree,Neutral,Neutral,Disagree,Disagree,Strongly disagree,Neutral,Strongly disagree,Neutral,Strongly disagree,Agree,Agree,Strongly Agree,AVN,Bio Science,Non-Technical
12/06/2026 22:58:18,19,Male,11th,2-4 Hours,Agree,Agree,Agree,Agree,Disagree,Agree,Agree,Neutral,Neutral,Agree,Neutral,Agree,Neutral,Neutral,Agree,Neutral,Agree,Agree,Agree,Neutral,Agree,Agree,Neutral,Strongly Agree,Neutral,Neutral,Agree,Neutral,Agree,Disagree,Disagree,Strongly disagree,Neutral,Neutral,Agree,Neutral,Agree,AVN,Bio Science,Technical
12/06/2026 23:00:54,17,Male,11th,4-6 Hours,Neutral,Neutral,Neutral,Agree,Disagree,Agree,Agree,Agree,Agree,Agree,Disagree,Neutral,Disagree,Agree,Agree,Agree,Agree,Strongly agree,Strongly Agree,Neutral,Agree,Strongly Agree,Disagree,Strongly Agree,Neutral,Agree,Neutral,Neutral,Strongly disagree,Strongly disagree,Disagree,Strongly agree,Neutral,Disagree,Neutral,Agree,Strongly Agree,AVN,Bio Science,Technical
12/06/2026 23:01:34,16,Male,11th,2-4 Hours,Agree,Strongly Agree,Agree,Strongly Agree,Agree,Agree,Agree,Agree,Agree,Agree,Strongly agree,Agree,Strongly Agree,Agree,Strongly agree,Neutral,Agree,Agree,Strongly Agree,Agree,Strongly agree,Agree,Neutral,Agree,Strongly Agree,Strongly agree,Agree,Agree,Disagree,Strongly disagree,Strongly disagree,Strongly agree,Agree,Neutral,Agree,Agree,Strongly Agree,AVN,Computer Science,Non-Technical
12/06/2026 23:02:30,16,Female,11th,0-2 Hours,Neutral,Agree,Agree,Disagree,Strongly disagree,Strongly Agree,Strongly Agree,Strongly Agree,Agree,Strongly Agree,Strongly agree,Agree,Disagree,Neutral,Agree,Agree,Agree,Strongly agree,Strongly Agree,Strongly agree,Agree,Agree,Agree,Agree,Agree,Neutral,Neutral,Disagree,Disagree,Strongly disagree,Neutral,Strongly disagree,Neutral,Strongly disagree,Agree,Agree,Strongly Agree,AVN,Bio Science,Non-Technical
12/06/2026 23:02:41,17,Female,11th,0-2 Hours,Neutral,Agree,Agree,Disagree,Neutral,Agree,Agree,Agree,Agree,Agree,Neutral,Agree,Neutral,Agree,Agree,Agree,Agree,Agree,Agree,Agree,Strongly agree,Agree,Agree,Neutral,Agree,Agree,Agree,Agree,Neutral,Strongly Agree,Neutral,Disagree,Disagree,Disagree,Neutral,Neutral,Strongly Agree,AVN,Bio Science,Technical
12/06/2026 23:03:50,18,Male,11th,2-4 Hours,Agree,Agree,Agree,Disagree,Disagree,Agree,Strongly Agree,Agree,Agree,Strongly Agree,Strongly agree,Agree,Agree,Agree,Agree,Agree,Agree,Agree,Strongly Agree,Agree,Strongly agree,Strongly Agree,Disagree,Agree,Strongly Agree,Neutral,Neutral,Disagree,Strongly Agree,Disagree,Agree,Disagree,Agree,Strongly disagree,Strongly Agree,Agree,Strongly Agree,AVN,Computer Science,Non-Technical
12/06/2026 23:04:03,17,Male,11th,2-4 Hours,Neutral,Agree,Strongly Agree,Agree,Agree,Strongly Agree,Strongly Agree,Neutral,Agree,Strongly Agree,Agree,Strongly Agree,Neutral,Neutral,Agree,Strongly agree,Agree,Strongly agree,Strongly Agree,Agree,Neutral,Disagree,Agree,Agree,Agree,Neutral,Strongly Agree,Strongly Agree,Strongly disagree,Strongly disagree,Agree,Strongly disagree,Disagree,Agree,Agree,Strongly agree,Strongly Agree,AVN,Bio Science,Non-Technical
12/06/2026 23:04:23,17,Male,11th,More than 6 Hours,Strongly agree,Strongly Agree,Strongly Agree,Neutral,Agree,Strongly Agree,Agree,Agree,Strongly agree,Strongly Agree,Agree,Neutral,Agree,Neutral,Strongly agree,Strongly agree,Strongly agree,Strongly agree,Strongly Agree,Agree,Strongly agree,Strongly Agree,Agree,Agree,Neutral,Disagree,Agree,Strongly disagree,Agree,Neutral,Disagree,Strongly disagree,Agree,Disagree,Neutral,Agree,,AVN,Bio Science,Technical
12/06/2026 23:05:43,18,Female,11th,4-6 Hours,Neutral,Disagree,Strongly Agree,Strongly Agree,Strongly disagree,Agree,Agree,Strongly Agree,Agree,Strongly Agree,Agree,,Neutral,Strongly agree,Strongly agree,Neutral,Agree,Agree,Strongly Agree,Strongly agree,Strongly agree,Agree,Strongly Agree,Agree,Strongly Agree,Agree,Strongly Agree,Disagree,Strongly disagree,Strongly disagree,Neutral,Strongly disagree,Neutral,Strongly disagree,Strongly Agree,Agree,Strongly Agree,AVN,Bio Science,Non-Technical
12/06/2026 23:05:52,18,Male,11th,2-4 Hours,Neutral,Neutral,Strongly Agree,Strongly disagree,Neutral,Agree,Agree,Agree,Agree,Agree,Strongly disagree,Agree,Disagree,Agree,,Strongly agree,Strongly agree,Strongly agree,Strongly Agree,Strongly agree,Strongly agree,Agree,Agree,Strongly Agree,Strongly Agree,Disagree,Agree,Disagree,Agree,Disagree,Disagree,Disagree,Disagree,Disagree,Agree,Agree,Agree,AVN,Computer Science,Non-Technical
12/06/2026 23:06:23,18,Male,11th,2-4 Hours,Neutral,Agree,Agree,Agree,Neutral,Agree,Strongly Agree,Agree,Agree,Strongly Agree,Agree,Agree,Strongly Agree,Agree,Strongly agree,Neutral,Strongly agree,Strongly agree,Strongly Agree,Agree,Strongly agree,Strongly Agree,Agree,Neutral,Agree,Disagree,Disagree,Disagree,Disagree,Strongly disagree,Disagree,Strongly disagree,Neutral,Neutral,Disagree,Agree,Strongly Agree,AVN,Bio Science,Technical
12/06/2026 23:07:13,17,Female,11th,0-2 Hours,Disagree,Agree,Disagree,Disagree,Disagree,Agree,Agree,Agree,Neutral,Agree,Neutral,Agree,Neutral,Agree,Neutral,Disagree,Neutral,Agree,Agree,Agree,Agree,Neutral,Neutral,Disagree,Agree,Neutral,Agree,Disagree,Disagree,Disagree,Disagree,Disagree,Disagree,Disagree,Neutral,Strongly agree,Strongly Agree,AVN,Bio Science,Non-Technical
12/06/2026 23:08:03,17,Male,11th,2-4 Hours,Strongly agree,Strongly Agree,Disagree,Neutral,Strongly Agree,Disagree,Agree,Strongly Agree,Strongly agree,Strongly Agree,Strongly agree,Strongly Agree,Neutral,Neutral,Agree,Strongly agree,Strongly agree,Strongly agree,Strongly Agree,Strongly agree,Strongly agree,Neutral,Neutral,Agree,Strongly Agree,Neutral,Disagree,Strongly Agree,Strongly Agree,Neutral,Strongly Agree,Strongly disagree,Neutral,Strongly agree,Strongly Agree,Strongly agree,Strongly Agree,AVN,Bio Science,Technical
12/06/2026 23:08:40,17,Male,11th,0-2 Hours,Neutral,Neutral,Strongly Agree,Neutral,Agree,Strongly Agree,Strongly Agree,Strongly Agree,Strongly agree,Strongly Agree,Strongly agree,Strongly Agree,Strongly Agree,Strongly agree,Strongly agree,Strongly agree,Strongly agree,Strongly agree,Strongly Agree,Strongly agree,Strongly agree,Strongly Agree,Strongly Agree,Strongly Agree,Strongly Agree,Strongly agree,Strongly Agree,Strongly disagree,Strongly disagree,Strongly disagree,Strongly disagree,Strongly disagree,Strongly Agree,Strongly disagree,Strongly disagree,Neutral,Strongly Agree,AVN,Bio Science,Non-Technical
12/06/2026 23:10:08,18,Male,11th,2-4 Hours,Strongly agree,Agree,Agree,Neutral,Agree,Agree,Agree,Agree,Agree,Agree,Agree,Agree,Agree,Agree,Agree,Neutral,Agree,Agree,Agree,Neutral,Agree,Neutral,Agree,Agree,Neutral,Disagree,Agree,Neutral,Agree,Neutral,Neutral,Disagree,Neutral,Strongly agree,Agree,Agree,Strongly Agree,AVN,Bio Science,Technical
12/06/2026 23:10:09,17,Female,11th,2-4 Hours,Neutral,Neutral,Agree,Disagree,Neutral,Agree,Agree,Agree,Agree,Agree,Agree,Neutral,Neutral,Disagree,Neutral,Disagree,Neutral,Neutral,Agree,Agree,Agree,Neutral,Neutral,Agree,Agree,Disagree,Agree,Disagree,Disagree,Neutral,Agree,Disagree,Neutral,Disagree,Neutral,Agree,Strongly Agree,AVN,Bio Science,Non-Technical
12/06/2026 23:11:35,17,Male,11th,0-2 Hours,Neutral,Neutral,Agree,Agree,Agree,Neutral,Agree,Disagree,Neutral,Agree,Neutral,Neutral,Neutral,Neutral,Agree,Disagree,Agree,Agree,Agree,Agree,Agree,Agree,Agree,Agree,Agree,Agree,Agree,Disagree,Agree,Disagree,Disagree,Strongly agree,Strongly disagree,Disagree,Disagree,Disagree,Strongly Agree,AVN,Bio Science,Non-Technical
12/06/2026 23:12:19,18,Female,11th,2-4 Hours,Neutral,Neutral,Agree,Disagree,Neutral,Agree,Agree,Agree,Strongly agree,Strongly Agree,Agree,Neutral,Agree,Neutral,Neutral,Neutral,Agree,Agree,Agree,Strongly agree,Strongly agree,Agree,Agree,Strongly Agree,Neutral,Neutral,Strongly Agree,Neutral,Disagree,Strongly disagree,Strongly disagree,Strongly disagree,Agree,Disagree,Disagree,Agree,Strongly Agree,AVN,Bio Science,Technical
12/06/2026 23:13:20,17,Male,11th,2-4 Hours,Neutral,Agree,Strongly Agree,Disagree,Neutral,Strongly Agree,Agree,Neutral,Agree,Strongly Agree,Neutral,Agree,Agree,Strongly agree,Agree,Neutral,Agree,Agree,Strongly Agree,Strongly agree,Strongly agree,Agree,Agree,Strongly Agree,Agree,Neutral,Neutral,Disagree,Neutral,Disagree,Agree,Strongly disagree,Agree,Strongly agree,Strongly Agree,Disagree,Strongly Agree,AVN,Bio Science,Non-Technical
12/06/2026 23:14:00,18,Male,11th,2-4 Hours,Neutral,Neutral,Agree,Disagree,Agree,Agree,Strongly Agree,Strongly Agree,Strongly agree,Strongly Agree,Strongly agree,Strongly Agree,Agree,Agree,Strongly agree,Agree,Strongly agree,Strongly agree,Strongly Agree,Agree,Strongly agree,Strongly Agree,Strongly Agree,Strongly Agree,Agree,Strongly agree,Agree,Disagree,Disagree,Neutral,Disagree,Strongly disagree,Neutral,Neutral,Neutral,Agree,Strongly Agree,AVN,Bio Science,Technical
12/06/2026 23:14:56,17,Male,11th,,Neutral,Strongly disagree,Agree,Neutral,Strongly disagree,Strongly Agree,Strongly Agree,Strongly Agree,Strongly agree,Strongly Agree,Strongly agree,Strongly Agree,Strongly Agree,Strongly agree,Agree,Strongly agree,Strongly agree,Strongly agree,Strongly Agree,Agree,Strongly agree,Strongly Agree,Strongly Agree,Strongly Agree,Agree,Strongly agree,Strongly disagree,Agree,Neutral,Strongly disagree,Strongly disagree,Neutral,Strongly disagree,Strongly disagree,Strongly disagree,Strongly disagree,Strongly Agree,AVN,Bio Science,Non-Technical
12/06/2026 23:15:56,16,Female,11th,2-4 Hours,Neutral,Agree,Agree,Disagree,Neutral,Agree,Agree,,Agree,Agree,Agree,Agree,Disagree,Agree,Disagree,Disagree,Disagree,Agree,Agree,Agree,Agree,Agree,Disagree,Agree,Agree,Disagree,Agree,Agree,Agree,Agree,Strongly Agree,Disagree,Agree,Agree,Strongly Agree,Agree,Strongly Agree,AVN,Bio Science,Technical
12/06/2026 23:17:43,17,Female,11th,2-4 Hours,Strongly agree,Agree,Strongly Agree,Disagree,Agree,Agree,Strongly Agree,Strongly Agree,Agree,Strongly Agree,Strongly disagree,Strongly Agree,Strongly Agree,Strongly agree,Strongly agree,Neutral,Strongly agree,Strongly agree,Strongly disagree,Stongly disagree,Strongly agree,Strongly Agree,Strongly Agree,Neutral,Strongly Agree,Neutral,Agree,Strongly Agree,Strongly disagree,Agree,Disagree,Strongly disagree,Disagree,Agree,Strongly Agree,Agree,Strongly Agree,AVN,Bio Science,Non-Technical
12/06/2026 23:18:22,17,Female,11th,2-4 Hours,Agree,Neutral,Agree,Disagree,Disagree,Agree,Agree,Agree,Neutral,Agree,Strongly agree,Neutral,Neutral,Neutral,Neutral,Disagree,Disagree,Neutral,Agree,Disagree,Agree,Disagree,Disagree,Agree,Disagree,Disagree,Agree,Neutral,Disagree,Neutral,Neutral,Strongly agree,Neutral,Strongly disagree,Strongly disagree,Disagree,Strongly Agree,AVN,Bio Science,Technical
12/06/2026 23:21:34,17,Female,11th,4-6 Hours,Neutral,Agree,Strongly Agree,Disagree,Neutral,Strongly Agree,Strongly Agree,Strongly Agree,Strongly agree,Strongly Agree,Strongly agree,Strongly Agree,Agree,Strongly agree,Strongly agree,Agree,Strongly agree,,Strongly Agree,Agree,Strongly agree,Agree,Strongly Agree,Strongly Agree,Strongly Agree,Strongly agree,Strongly Agree,Disagree,Strongly disagree,Neutral,Disagree,Strongly disagree,Neutral,Neutral,Strongly Agree,Disagree,Strongly Agree,AVN,Bio Science,Non-Technical
12/06/2026 23:25:49,16,Male,11th,More than 6 Hours,Agree,Agree,Agree,Agree,Neutral,Neutral,Neutral,Neutral,Neutral,Agree,Agree,Neutral,Neutral,Neutral,Neutral,Neutral,Agree,Agree,Agree,Agree,Agree,Neutral,,Agree,Agree,Disagree,Agree,Strongly Agree,Disagree,Disagree,Disagree,Strongly disagree,Strongly disagree,Strongly agree,Agree,Strongly agree,Strongly Agree,AVN,Bio Science,Non-Technical
12/06/2026 23:27:53,17,Female,11th,2-4 Hours,Neutral,Neutral,Strongly Agree,Disagree,Disagree,Strongly Agree,Agree,Agree,Neutral,Strongly Agree,Agree,Strongly Agree,,Strongly agree,Agree,Disagree,Agree,Agree,Strongly Agree,Agree,Strongly agree,Neutral,Neutral,Neutral,Strongly Agree,Neutral,Strongly Agree,Disagree,Neutral,Disagree,Disagree,Disagree,Strongly disagree,Disagree,Agree,Agree,Strongly Agree,AVN,Bio Science,Non-Technical
12/06/2026 23:34:50,18,Female,11th,0-2 Hours,Strongly disagree,Agree,Agree,Agree,Strongly disagree,Agree,Agree,Agree,Disagree,Strongly Agree,Agree,Agree,Agree,Strongly disagree,Disagree,Disagree,Disagree,Strongly agree,Strongly Agree,Stongly disagree,Disagree,Disagree,Strongly disagree,Agree,Agree,Agree,Agree,Strongly Agree,Agree,Agree,Agree,Strongly disagree,Disagree,Disagree,Agree,Agree,Strongly Agree,AVN,Bio Science,Non-Technical
12/06/2026 23:36:36,18,Female,11th,2-4 Hours,Neutral,Neutral,Agree,Strongly disagree,Neutral,Agree,Strongly Agree,Agree,Neutral,Strongly Agree,Strongly agree,Neutral,Strongly Agree,Neutral,Agree,Neutral,Neutral,Agree,Neutral,Strongly agree,Disagree,Disagree,Neutral,Neutral,Agree,Strongly disagree,Agree,Agree,Disagree,Disagree,Disagree,Strongly disagree,Strongly disagree,Strongly disagree,Strongly disagree,Neutral,Strongly Agree,AVN,Bio Science,Non-Technical
12/06/2026 23:38:35,16,Male,11th,0-2 Hours,Disagree,Agree,Agree,Agree,Neutral,Agree,Strongly Agree,Strongly Agree,Agree,Strongly Agree,Agree,Strongly Agree,Disagree,Neutral,Agree,Agree,Agree,Strongly agree,Strongly Agree,Agree,Strongly agree,Agree,Neutral,Agree,Neutral,Neutral,Agree,Neutral,Disagree,Strongly disagree,Strongly disagree,Strongly disagree,Strongly disagree,Disagree,Disagree,Strongly disagree,Strongly Agree,AVN,Bio Science,Non-Technical
12/06/2026 23:40:04,16,Male,11th,2-4 Hours,Agree,Agree,Agree,Agree,Agree,Agree,Agree,Strongly Agree,Agree,Strongly Agree,Disagree,Agree,Agree,Agree,Agree,Agree,Agree,Strongly agree,Strongly Agree,Strongly agree,Strongly agree,Agree,Strongly Agree,Strongly Agree,Strongly Agree,Strongly agree,Disagree,Agree,Disagree,Neutral,Disagree,Neutral,Strongly Agree,Strongly agree,Strongly Agree,Strongly agree,Strongly Agree,AVN,Bio Science,Non-Technical
12/06/2026 23:41:25,17,Male,11th,2-4 Hours,Agree,Agree,Strongly Agree,Strongly disagree,Agree,Strongly Agree,Strongly Agree,Strongly Agree,Agree,Agree,Agree,Agree,Agree,Agree,Agree,Agree,Agree,Strongly agree,Agree,Agree,Agree,Strongly Agree,Strongly Agree,Strongly Agree,Agree,Strongly agree,Agree,Agree,Agree,Neutral,Disagree,Neutral,Agree,Strongly agree,Strongly Agree,Strongly agree,Strongly Agree,AVN,Bio Science,Non-Technical
12/06/2026 23:42:58,17,Female,11th,0-2 Hours,Disagree,Neutral,Strongly Agree,Agree,Agree,Strongly Agree,Strongly Agree,Agree,Agree,Strongly Agree,Agree,Strongly Agree,Neutral,Agree,Strongly agree,Agree,Strongly agree,Strongly agree,Strongly Agree,Agree,Agree,Neutral,Agree,Agree,Agree,Agree,Strongly Agree,Disagree,Agree,Neutral,Agree,Strongly disagree,Neutral,Strongly agree,Agree,Strongly agree,Strongly Agree,AVN,Bio Science,Non-Technical
12/06/2026 23:45:59,17,Female,11th,2-4 Hours,Neutral,Agree,Agree,Disagree,Agree,Agree,Agree,Neutral,Neutral,Agree,Neutral,Neutral,Neutral,Neutral,Neutral,Neutral,Disagree,Neutral,Disagree,Disagree,Agree,Agree,Disagree,Neutral,Disagree,Neutral,Neutral,Agree,Agree,Neutral,Strongly Agree,Neutral,Agree,Agree,Strongly Agree,Strongly agree,Strongly Agree,AVN,Bio Science,Non-Technical
12/06/2026 23:47:29,17,Female,11th,0-2 Hours,Disagree,Agree,Agree,Disagree,Disagree,Agree,Agree,Agree,Agree,Agree,Agree,Agree,Neutral,Agree,Agree,Agree,Agree,Agree,Agree,Agree,Agree,Agree,Agree,Agree,Agree,Agree,Agree,Agree,Disagree,Disagree,Disagree,Disagree,Disagree,Disagree,Disagree,Disagree,Agree,AVN,Bio Science,Non-Technical
12/06/2026 23:49:21,17,Female,11th,4-6 Hours,Agree,Agree,Neutral,Strongly disagree,Strongly disagree,Strongly Agree,Strongly Agree,Strongly Agree,Agree,Strongly Agree,Strongly agree,Strongly Agree,Agree,Neutral,Strongly agree,Neutral,Agree,Strongly agree,Strongly Agree,Strongly agree,Strongly agree,Neutral,Disagree,Strongly Agree,Strongly Agree,Disagree,Strongly Agree,Strongly disagree,Strongly disagree,Disagree,Disagree,Strongly disagree,Strongly disagree,Agree,Strongly disagree,Strongly agree,Strongly Agree,AVN,Bio Science,Non-Technical
12/06/2026 23:51:36,16,Female,11th,0-2 Hours,Neutral,Agree,Agree,Disagree,Neutral,Agree,Agree,Neutral,Neutral,Agree,Agree,Agree,Agree,Agree,Disagree,Disagree,Disagree,Agree,Agree,Agree,Agree,Agree,Disagree,Neutral,Agree,Neutral,Neutral,Agree,Agree,Neutral,Strongly Agree,Neutral,Disagree,Agree,Strongly Agree,Strongly agree,Strongly Agree,AVN,Bio Science,Non-Technical
12/06/2026 23:53:29,16,Female,11th,0-2 Hours,Disagree,Agree,Agree,Disagree,Strongly disagree,Strongly Agree,Strongly Agree,Agree,Agree,Strongly Agree,Agree,Agree,Disagree,Neutral,Agree,Agree,Agree,Agree,Strongly Agree,Strongly agree,Agree,Agree,Agree,Agree,Agree,Disagree,Agree,Agree,Disagree,Disagree,Disagree,Disagree,Neutral,Disagree,Agree,Agree,Strongly Agree,AVN,Bio Science,Non-Technical
12/06/2026 23:55:28,19,Female,11th,2-4 Hours,Agree,Agree,Strongly Agree,Neutral,Neutral,Agree,Agree,Neutral,Neutral,Neutral,Agree,Agree,Strongly Agree,Disagree,Neutral,Neutral,Neutral,Neutral,Agree,Agree,Strongly agree,Strongly Agree,Agree,Strongly Agree,Agree,Strongly disagree,Strongly Agree,Strongly Agree,Neutral,Disagree,Neutral,Disagree,Strongly disagree,Strongly disagree,Neutral,Agree,Strongly Agree,AVN,Bio Science,Non-Technical